season,round,circuit,country,best_grid,avg_grid,prev_best_finish,avg_finish_last_3,avg_grid_last_3,podiums_last_5,dnfs_last_5,circuit_podium_rate_prev,ferrari_podium
1950,2,monaco,Monaco,6.0,10.75,,,,,,,1
1950,4,bremgarten,Switzerland,4.0,7.333333333333333,2.0,2.0,6.0,1.0,2.0,,0
1950,5,spa,Belgium,4.0,5.5,15.0,8.5,5.0,1.0,5.0,,0
1950,6,reims,France,18.0,18.0,5.0,7.333333333333333,4.666666666666667,1.0,5.0,,1
1950,7,monza,Italy,2.0,11.4,3.0,7.666666666666667,8.666666666666666,2.0,5.0,,1
1951,1,bremgarten,Switzerland,3.0,7.0,,,,,,0.0,1
1951,3,spa,Belgium,3.0,4.0,2.0,2.0,3.0,1.0,2.0,0.0,1
1951,4,reims,France,3.0,8.0,2.0,2.0,3.0,2.0,3.0,1.0,1
1951,5,silverstone,UK,1.0,4.5,2.0,2.0,3.0,3.0,5.0,,1
1951,6,nurburgring,Germany,1.0,4.4,1.0,1.6666666666666667,2.3333333333333335,4.0,6.0,,1
1951,7,monza,Italy,3.0,8.833333333333334,1.0,1.3333333333333333,1.6666666666666667,5.0,6.0,1.0,1
1951,8,pedralbes,Spain,1.0,4.0,1.0,1.0,1.6666666666666667,5.0,6.0,,1
1952,1,bremgarten,Switzerland,1.0,7.857142857142857,,,,,,0.5,1
1952,2,indianapolis,USA,19.0,19.0,1.0,1.0,1.0,1.0,4.0,,0
1952,3,spa,Belgium,1.0,7.2,31.0,16.0,10.0,1.0,5.0,0.5,1
1952,4,essarts,France,1.0,10.5,1.0,11.0,7.0,2.0,7.0,,1
1952,5,silverstone,UK,1.0,12.0,1.0,11.0,7.0,3.0,9.0,1.0,1
1952,6,nurburgring,Germany,1.0,11.714285714285714,1.0,1.0,1.0,4.0,10.0,1.0,1
1952,7,zandvoort,Netherlands,1.0,6.0,1.0,1.0,1.0,4.0,8.0,,1
1952,8,monza,Italy,1.0,7.571428571428571,1.0,1.0,1.0,5.0,8.0,1.0,1
1953,1,galvez,Argentina,1.0,3.5,,,,,,,1
1953,3,zandvoort,Netherlands,1.0,4.4,1.0,1.0,1.0,1.0,1.0,1.0,1
1953,4,spa,Belgium,2.0,6.2,1.0,1.0,1.0,2.0,2.0,0.6666666666666666,1
1953,5,reims,France,1.0,5.4,1.0,1.0,1.3333333333333333,3.0,3.0,1.0,1
1953,6,silverstone,UK,1.0,7.8,1.0,1.0,1.3333333333333333,4.0,3.0,1.0,1
1953,7,nurburgring,Germany,1.0,9.88888888888889,1.0,1.0,1.3333333333333333,5.0,4.0,1.0,1
1953,8,bremgarten,Switzerland,2.0,10.125,1.0,1.0,1.0,5.0,6.0,0.6666666666666666,1
1953,9,monza,Italy,1.0,9.0,1.0,1.0,1.3333333333333333,5.0,8.0,1.0,1
1954,1,galvez,Argentina,1.0,6.333333333333333,,,,,,1.0,1
1954,3,spa,Belgium,2.0,5.833333333333333,2.0,2.0,1.0,1.0,2.0,0.75,1
1954,4,reims,France,4.0,9.2,2.0,2.0,1.5,2.0,5.0,1.0,1
1954,5,silverstone,UK,2.0,12.166666666666666,3.0,2.3333333333333335,2.3333333333333335,3.0,9.0,1.0,1
1954,6,nurburgring,Germany,3.0,8.0,1.0,2.0,2.6666666666666665,4.0,12.0,1.0,1
1954,7,bremgarten,Switzerland,1.0,7.6,2.0,2.0,3.0,5.0,13.0,0.75,1
1954,8,monza,Italy,2.0,9.428571428571429,2.0,1.6666666666666667,2.0,5.0,14.0,1.0,1
1954,9,pedralbes,Spain,3.0,11.75,2.0,2.0,2.0,5.0,14.0,1.0,1
1955,1,galvez,Argentina,1.0,4.571428571428571,,,,,,1.0,1
1955,2,monaco,Monaco,9.0,14.2,2.0,2.0,1.0,1.0,1.0,1.0,1
1955,4,spa,Belgium,4.0,7.333333333333333,1.0,1.5,5.0,2.0,2.0,0.8,1
1955,5,zandvoort,Netherlands,5.0,9.5,3.0,2.0,4.666666666666667,3.0,4.0,1.0,0
1955,6,aintree,UK,10.0,11.75,5.0,3.0,6.0,3.0,5.0,,0
1955,7,monza,Italy,4.0,9.666666666666666,6.0,4.666666666666667,6.333333333333333,3.0,7.0,1.0,1
1956,1,galvez,Argentina,1.0,4.666666666666667,,,,,,1.0,1
1956,2,monaco,Monaco,1.0,5.166666666666667,1.0,1.0,1.0,1.0,3.0,1.0,1
1956,4,spa,Belgium,1.0,6.6,2.0,1.5,1.0,2.0,5.0,0.8333333333333334,1
1956,5,reims,France,1.0,5.2,1.0,1.3333333333333333,1.0,3.0,7.0,1.0,1
1956,6,silverstone,UK,2.0,7.666666666666667,1.0,1.3333333333333333,1.0,4.0,9.0,1.0,1
1956,7,nurburgring,Germany,1.0,6.333333333333333,1.0,1.0,1.3333333333333333,5.0,10.0,1.0,1
1956,8,monza,Italy,1.0,4.285714285714286,1.0,1.0,1.3333333333333333,5.0,12.0,1.0,1
1957,1,galvez,Argentina,4.0,8.7,,,,,,1.0,0
1957,2,monaco,Monaco,2.0,6.2,5.0,5.0,4.0,0.0,4.0,1.0,0
1957,4,essarts,France,3.0,5.75,5.0,5.0,3.0,0.0,8.0,1.0,1
1957,5,aintree,UK,5.0,8.2,2.0,4.0,3.0,1.0,9.0,0.0,1
1957,6,nurburgring,Germany,2.0,4.666666666666667,2.0,3.0,3.3333333333333335,2.0,10.0,1.0,1
1957,7,pescara,Italy,3.0,3.0,2.0,2.0,3.3333333333333335,3.0,10.0,,0
1957,8,monza,Italy,7.0,8.5,8.0,4.0,3.3333333333333335,3.0,7.0,1.0,1
1958,1,galvez,Argentina,2.0,3.3333333333333335,,,,,,0.8,1
1958,2,monaco,Monaco,6.0,9.0,2.0,2.0,2.0,1.0,1.0,0.75,1
1958,3,zandvoort,Netherlands,6.0,9.333333333333334,2.0,2.0,4.0,2.0,3.0,0.6666666666666666,0
1958,5,spa,Belgium,1.0,3.25,5.0,3.0,4.666666666666667,2.0,4.0,0.8571428571428571,1
1958,6,reims,France,1.0,7.0,2.0,3.0,4.333333333333333,3.0,6.0,1.0,1
1958,7,silverstone,UK,4.0,7.0,1.0,2.6666666666666665,2.6666666666666665,4.0,7.0,1.0,1
1958,8,nurburgring,Germany,1.0,5.0,1.0,1.3333333333333333,2.0,4.0,7.0,1.0,0
1958,9,boavista,Portugal,2.0,4.0,4.0,2.0,2.0,3.0,7.0,,1
1958,10,monza,Italy,3.0,5.25,2.0,2.3333333333333335,2.3333333333333335,4.0,6.0,1.0,1
1958,11,ain-diab,Morocco,1.0,4.0,2.0,2.6666666666666665,2.0,4.0,6.0,,1
1959,1,monaco,Monaco,2.0,6.5,,,,,,0.8,1
1959,3,zandvoort,Netherlands,4.0,9.75,2.0,2.0,2.0,1.0,2.0,0.5,0
1959,4,reims,France,1.0,6.4,5.0,3.5,3.0,1.0,3.0,1.0,1
1959,6,avus,Germany,1.0,6.0,1.0,2.6666666666666665,2.3333333333333335,2.0,5.0,,1
1959,7,monsanto,Portugal,6.0,7.666666666666667,1.0,2.3333333333333335,2.0,3.0,6.0,,1
1959,8,monza,Italy,2.0,5.0,3.0,1.6666666666666667,2.6666666666666665,4.0,7.0,1.0,1
1959,9,sebring,USA,4.0,7.25,2.0,2.0,3.0,4.0,6.0,,1
1960,1,galvez,Argentina,5.0,7.25,,,,,,0.8333333333333334,1
1960,2,monaco,Monaco,8.0,9.0,2.0,2.0,5.0,1.0,0.0,0.8333333333333334,1
1960,4,zandvoort,Netherlands,12.0,13.333333333333334,3.0,2.5,6.5,2.0,1.0,0.4,0
1960,5,spa,Belgium,4.0,9.333333333333334,5.0,3.3333333333333335,8.333333333333334,2.0,2.0,0.875,0
1960,6,reims,France,2.0,6.0,4.0,4.0,8.0,2.0,4.0,1.0,0
1960,7,silverstone,UK,7.0,8.5,11.0,6.666666666666667,6.0,2.0,7.0,1.0,0
1960,8,boavista,Portugal,9.0,9.5,6.0,7.0,4.333333333333333,1.0,7.0,1.0,0
1960,9,monza,Italy,1.0,3.0,4.0,7.0,6.0,0.0,7.0,1.0,1
1961,1,monaco,Monaco,2.0,4.333333333333333,,,,,,0.8571428571428571,1
1961,2,zandvoort,Netherlands,1.0,2.0,2.0,2.0,2.0,1.0,1.0,0.3333333333333333,1
1961,3,spa,Belgium,1.0,2.75,1.0,1.5,1.5,2.0,1.0,0.7777777777777778,1
1961,4,reims,France,1.0,4.5,1.0,1.3333333333333333,1.3333333333333333,3.0,1.0,0.875,1
1961,5,aintree,UK,1.0,6.5,1.0,1.0,1.0,4.0,3.0,0.5,1
1961,6,nurburgring,Germany,1.0,8.25,1.0,1.0,1.0,5.0,4.0,0.8571428571428571,1
1961,7,monza,Italy,1.0,3.2,2.0,1.3333333333333333,1.0,5.0,4.0,1.0,1
1962,1,zandvoort,Netherlands,9.0,10.666666666666666,,,,,,0.42857142857142855,1
1962,2,monaco,Monaco,4.0,7.666666666666667,3.0,3.0,9.0,1.0,1.0,0.875,1
1962,3,spa,Belgium,4.0,7.75,2.0,2.5,6.5,2.0,3.0,0.8,1
1962,5,aintree,UK,12.0,12.0,3.0,2.6666666666666665,5.666666666666667,3.0,5.0,0.6666666666666666,0
1962,6,nurburgring,Germany,10.0,13.25,17.0,7.333333333333333,6.666666666666667,3.0,6.0,0.875,0
1962,7,monza,Italy,10.0,14.2,6.0,8.666666666666666,8.666666666666666,3.0,8.0,1.0,0
1963,1,monaco,Monaco,3.0,5.0,,,,,,0.8888888888888888,0
1963,2,spa,Belgium,3.0,6.5,4.0,4.0,3.0,0.0,1.0,0.8181818181818182,0
1963,3,zandvoort,Netherlands,5.0,8.0,9.0,6.5,3.0,0.0,4.0,0.5,1
1963,4,reims,France,4.0,4.0,3.0,5.333333333333333,3.6666666666666665,1.0,4.0,0.8888888888888888,0
1963,5,silverstone,UK,5.0,5.0,17.0,9.666666666666666,4.0,1.0,6.0,0.8571428571428571,1
1963,6,nurburgring,Germany,2.0,4.5,2.0,7.333333333333333,4.666666666666667,2.0,6.0,0.7777777777777778,1
1963,7,monza,Italy,1.0,3.5,1.0,6.666666666666667,3.6666666666666665,3.0,6.0,0.9230769230769231,0
1963,8,watkins_glen,USA,3.0,6.0,18.0,7.0,2.6666666666666665,3.0,5.0,,0
1963,9,rodriguez,Mexico,2.0,4.5,5.0,8.0,2.0,2.0,6.0,,0
1963,10,george,South Africa,4.0,4.5,13.0,12.0,2.0,2.0,6.0,,0
1964,1,monaco,Monaco,4.0,5.5,,,,,,0.8,0
1964,2,zandvoort,Netherlands,4.0,7.0,10.0,10.0,4.0,0.0,2.0,0.5555555555555556,1
1964,3,spa,Belgium,5.0,7.0,2.0,6.0,4.0,1.0,3.0,0.75,0
1964,4,essarts,France,3.0,5.5,14.0,8.666666666666666,4.333333333333333,1.0,5.0,1.0,0
1964,5,brands_hatch,UK,5.0,6.5,9.0,8.333333333333334,4.0,1.0,6.0,,1
1964,6,nurburgring,Germany,1.0,2.5,3.0,8.666666666666666,4.333333333333333,2.0,6.0,0.8,1
1964,7,zeltweg,Austria,2.0,4.5,1.0,4.333333333333333,3.0,3.0,4.0,,1
1964,8,monza,Italy,1.0,8.0,1.0,1.6666666666666667,2.6666666666666665,3.0,4.0,0.8571428571428571,1
1964,9,watkins_glen,USA,2.0,5.0,1.0,1.0,1.3333333333333333,4.0,2.0,0.0,1
1964,10,rodriguez,Mexico,3.0,5.333333333333333,2.0,1.3333333333333333,1.6666666666666667,5.0,2.0,0.0,1
1965,1,george,South Africa,2.0,4.0,,,,,,0.0,1
1965,2,monaco,Monaco,4.0,4.5,2.0,2.0,2.0,1.0,1.0,0.7272727272727273,1
1965,3,spa,Belgium,6.0,10.5,2.0,2.0,3.0,2.0,2.0,0.6923076923076923,0
1965,4,charade,France,3.0,3.5,9.0,4.333333333333333,4.0,2.0,3.0,,1
1965,5,silverstone,UK,5.0,7.0,3.0,4.666666666666667,4.333333333333333,3.0,4.0,0.875,1
1965,6,zandvoort,Netherlands,4.0,8.0,3.0,5.0,4.666666666666667,4.0,5.0,0.6,0
1965,7,nurburgring,Germany,4.0,5.5,7.0,4.333333333333333,4.0,3.0,4.0,0.8181818181818182,0
1965,8,monza,Italy,2.0,7.333333333333333,6.0,5.333333333333333,4.333333333333333,2.0,4.0,0.8666666666666667,0
1965,9,watkins_glen,USA,5.0,11.333333333333334,4.0,5.666666666666667,3.3333333333333335,2.0,5.0,0.5,0
1965,10,rodriguez,Mexico,7.0,10.5,4.0,4.666666666666667,3.6666666666666665,1.0,4.0,0.5,0
1966,1,monaco,Monaco,2.0,3.5,,,,,,0.75,1
1966,2,spa,Belgium,1.0,3.0,2.0,2.0,2.0,1.0,1.0,0.6428571428571429,1
1966,3,reims,France,1.0,2.0,1.0,1.5,1.5,2.0,1.0,0.8,1
1966,5,zandvoort,Netherlands,5.0,7.0,2.0,1.6666666666666667,1.3333333333333333,3.0,2.0,0.5454545454545454,0
1966,6,nurburgring,Germany,4.0,5.666666666666667,6.0,3.0,2.3333333333333335,3.0,3.0,0.75,0
1966,7,monza,Italy,1.0,6.0,6.0,4.666666666666667,3.3333333333333335,3.0,5.0,0.8125,1
1966,8,watkins_glen,USA,3.0,3.0,1.0,4.333333333333333,3.3333333333333335,3.0,6.0,0.3333333333333333,0
1967,2,monaco,Monaco,2.0,8.0,,,,,,0.7692307692307693,1
1967,3,zandvoort,Netherlands,9.0,11.333333333333334,3.0,3.0,2.0,1.0,1.0,0.5,0
1967,4,spa,Belgium,5.0,7.333333333333333,4.0,3.5,5.5,1.0,1.0,0.6666666666666666,1
1967,5,lemans,France,7.0,7.0,3.0,3.3333333333333335,5.333333333333333,2.0,3.0,,0
1967,6,silverstone,UK,6.0,6.0,8.0,5.0,7.0,2.0,4.0,0.8888888888888888,1
1967,7,nurburgring,Germany,8.0,8.0,3.0,4.666666666666667,6.0,3.0,4.0,0.6923076923076923,1
1967,8,mosport,Canada,4.0,4.0,3.0,4.666666666666667,7.0,3.0,3.0,,0
1967,9,monza,Italy,4.0,4.0,6.0,4.0,6.0,3.0,3.0,0.8235294117647058,0
1967,10,watkins_glen,USA,4.0,4.0,7.0,5.333333333333333,5.333333333333333,2.0,1.0,0.25,0
1967,11,rodriguez,Mexico,2.0,9.0,9.0,7.333333333333333,4.0,2.0,1.0,0.3333333333333333,0
1968,1,kyalami,South Africa,7.0,8.666666666666666,,,,,,,0
1968,2,jarama,Spain,1.0,4.5,4.0,4.0,7.0,0.0,2.0,,0
1968,4,spa,Belgium,1.0,2.0,9.0,6.5,4.0,0.0,4.0,0.6875,1
1968,5,zandvoort,Netherlands,1.0,3.5,3.0,5.333333333333333,3.0,1.0,5.0,0.46153846153846156,0
1968,6,essarts,France,3.0,4.0,4.0,5.333333333333333,1.0,1.0,5.0,0.6666666666666666,1
1968,7,brands_hatch,UK,3.0,7.5,1.0,2.6666666666666665,1.6666666666666667,2.0,5.0,1.0,1
1968,8,nurburgring,Germany,1.0,1.5,2.0,2.3333333333333335,2.3333333333333335,3.0,3.0,0.7142857142857143,0
1968,9,monza,Italy,3.0,5.0,4.0,2.3333333333333335,2.3333333333333335,3.0,2.0,0.7777777777777778,1
1968,10,tremblant,Canada,2.0,2.0,3.0,3.0,2.3333333333333335,3.0,3.0,,0
1968,11,watkins_glen,USA,4.0,9.5,8.0,5.0,2.0,3.0,5.0,0.2,0
1968,12,rodriguez,Mexico,2.0,8.5,15.0,8.666666666666666,3.0,2.0,7.0,0.25,0
1969,1,kyalami,South Africa,5.0,5.0,,,,,,0.0,0
1969,2,montjuic,Spain,2.0,2.0,13.0,13.0,5.0,0.0,1.0,,0
1969,3,monaco,Monaco,2.0,2.0,8.0,10.5,3.5,0.0,2.0,0.7857142857142857,0
1969,4,zandvoort,Netherlands,4.0,4.0,11.0,10.666666666666666,3.0,0.0,3.0,0.42857142857142855,1
1969,5,charade,France,6.0,6.0,3.0,7.333333333333333,2.6666666666666665,1.0,3.0,1.0,0
1969,6,silverstone,UK,5.0,6.5,10.0,8.0,4.0,1.0,4.0,0.9,0
1969,8,monza,Italy,12.0,12.0,11.0,8.0,5.0,1.0,5.0,0.7894736842105263,0
1969,9,mosport,Canada,13.0,13.0,6.0,9.0,7.666666666666667,1.0,4.0,0.0,0
1969,10,watkins_glen,USA,12.0,12.0,12.0,9.666666666666666,10.0,1.0,4.0,0.16666666666666666,0
1969,11,rodriguez,Mexico,15.0,15.0,5.0,7.666666666666667,12.333333333333334,0.0,4.0,0.2,0
1970,1,kyalami,South Africa,5.0,5.0,,,,,,0.0,0
1970,2,jarama,Spain,7.0,7.0,14.0,14.0,5.0,0.0,1.0,0.0,0
1970,3,monaco,Monaco,5.0,5.0,15.0,14.5,6.0,0.0,2.0,0.7333333333333333,0
1970,4,spa,Belgium,4.0,6.0,16.0,15.0,5.666666666666667,0.0,3.0,0.7058823529411765,0
1970,5,zandvoort,Netherlands,3.0,4.5,4.0,11.666666666666666,5.333333333333333,0.0,3.0,0.4666666666666667,1
1970,6,charade,France,1.0,6.0,3.0,7.666666666666667,4.0,1.0,3.0,0.5,0
1970,7,brands_hatch,UK,3.0,4.5,14.0,7.0,2.6666666666666665,1.0,3.0,1.0,0
1970,8,hockenheimring,Germany,1.0,2.0,4.0,7.0,2.3333333333333335,1.0,3.0,,1
1970,9,red_bull_ring,Austria,2.0,3.3333333333333335,2.0,6.666666666666667,1.6666666666666667,2.0,3.0,,1
1970,10,monza,Italy,1.0,6.333333333333333,1.0,2.3333333333333335,2.0,3.0,3.0,0.75,1
1970,11,tremblant,Canada,2.0,2.5,1.0,1.3333333333333333,1.3333333333333333,3.0,5.0,0.0,1
1970,12,watkins_glen,USA,1.0,3.5,1.0,1.0,1.6666666666666667,4.0,4.0,0.14285714285714285,0
1970,13,rodriguez,Mexico,1.0,2.0,4.0,2.0,1.3333333333333333,4.0,3.0,0.16666666666666666,1
1971,1,kyalami,South Africa,3.0,5.0,,,,,,0.0,1
1971,2,montjuic,Spain,1.0,3.6666666666666665,1.0,1.0,3.0,1.0,0.0,0.0,1
1971,3,monaco,Monaco,2.0,6.5,2.0,1.5,2.0,2.0,2.0,0.6875,1
1971,4,zandvoort,Netherlands,1.0,7.0,3.0,2.0,2.0,3.0,3.0,0.5,1
1971,5,ricard,France,2.0,2.5,1.0,2.0,1.3333333333333333,4.0,4.0,,0
1971,6,silverstone,UK,1.0,3.5,19.0,7.666666666666667,1.6666666666666667,4.0,6.0,0.8181818181818182,0
1971,7,nurburgring,Germany,2.0,5.666666666666667,16.0,12.0,1.3333333333333333,3.0,8.0,0.6666666666666666,1
1971,8,red_bull_ring,Austria,4.0,5.0,3.0,12.666666666666666,1.6666666666666667,3.0,7.0,1.0,0
1971,9,monza,Italy,2.0,5.0,16.0,11.666666666666666,2.3333333333333335,2.0,8.0,0.7619047619047619,0
1971,10,mosport,Canada,12.0,14.333333333333334,16.0,11.666666666666666,2.6666666666666665,1.0,9.0,0.0,0
1971,11,watkins_glen,USA,4.0,5.5,8.0,13.333333333333334,6.0,1.0,8.0,0.125,0
1972,1,galvez,Argentina,6.0,7.666666666666667,,,,,,0.8571428571428571,1
1972,2,kyalami,South Africa,2.0,5.0,3.0,3.0,6.0,1.0,1.0,0.25,0
1972,3,jarama,Spain,1.0,4.666666666666667,4.0,3.5,4.0,1.0,1.0,0.0,1
1972,4,monaco,Monaco,2.0,2.5,2.0,3.0,3.0,2.0,2.0,0.7058823529411765,1
1972,5,nivelles,Belgium,2.0,3.0,2.0,2.6666666666666665,1.6666666666666667,3.0,3.0,,0
1972,6,charade,France,4.0,11.5,17.0,7.0,1.6666666666666667,3.0,5.0,0.3333333333333333,0
1972,7,brands_hatch,UK,1.0,5.0,11.0,10.0,2.6666666666666665,2.0,4.0,0.6666666666666666,0
1972,8,nurburgring,Germany,1.0,10.0,6.0,11.333333333333334,2.3333333333333335,2.0,5.0,0.6875,1
1972,9,red_bull_ring,Austria,2.0,5.5,1.0,6.0,2.0,2.0,4.0,0.5,0
1972,10,monza,Italy,1.0,4.0,22.0,9.666666666666666,1.3333333333333333,1.0,5.0,0.7272727272727273,0
1972,11,mosport,Canada,7.0,7.5,7.0,10.0,1.3333333333333333,1.0,5.0,0.0,0
1972,12,watkins_glen,USA,6.0,9.333333333333334,5.0,11.333333333333334,3.3333333333333335,1.0,5.0,0.1111111111111111,0
1973,1,galvez,Argentina,3.0,8.5,,,,,,0.875,0
1973,2,interlagos,Brazil,3.0,10.0,4.0,4.0,3.0,0.0,0.0,,0
1973,3,kyalami,South Africa,11.0,13.0,4.0,4.0,3.0,0.0,0.0,0.2,0
1973,4,montjuic,Spain,6.0,6.0,4.0,4.0,5.666666666666667,0.0,1.0,0.5,0
1973,5,zolder,Belgium,3.0,3.0,12.0,6.666666666666667,6.666666666666667,0.0,1.0,,0
1973,6,monaco,Monaco,7.0,11.5,21.0,12.333333333333334,6.666666666666667,0.0,2.0,0.7222222222222222,0
1973,7,anderstorp,Sweden,8.0,8.0,14.0,15.666666666666666,5.333333333333333,0.0,4.0,,0
1973,8,ricard,France,10.0,11.0,6.0,13.666666666666666,6.0,0.0,4.0,0.0,0
1973,9,silverstone,UK,19.0,19.0,5.0,8.333333333333334,8.333333333333334,0.0,3.0,0.75,0
1973,12,red_bull_ring,Austria,6.0,6.0,8.0,6.333333333333333,12.333333333333334,0.0,3.0,0.3333333333333333,0
1973,13,monza,Italy,7.0,10.5,7.0,6.666666666666667,11.666666666666666,0.0,2.0,0.6956521739130435,0
1973,14,mosport,Canada,20.0,20.0,8.0,7.666666666666667,10.666666666666666,0.0,1.0,0.0,0
1973,15,watkins_glen,USA,11.0,11.0,15.0,10.0,11.0,0.0,1.0,0.1,0
1974,1,galvez,Argentina,2.0,5.0,,,,,,0.7777777777777778,1
1974,2,interlagos,Brazil,8.0,16.5,2.0,2.0,2.0,1.0,0.0,0.0,1
1974,3,kyalami,South Africa,1.0,3.5,2.0,2.0,5.0,2.0,1.0,0.16666666666666666,0
1974,4,jarama,Spain,1.0,2.0,16.0,6.666666666666667,3.6666666666666665,2.0,3.0,0.3333333333333333,1
1974,5,nivelles,Belgium,1.0,2.0,1.0,6.333333333333333,3.3333333333333335,3.0,3.0,0.0,1
1974,6,monaco,Monaco,1.0,1.5,2.0,6.333333333333333,1.0,4.0,3.0,0.6842105263157895,0
1974,7,anderstorp,Sweden,3.0,3.5,4.0,2.3333333333333335,1.0,3.0,4.0,0.0,0
1974,8,zandvoort,Netherlands,1.0,1.5,13.0,6.333333333333333,1.6666666666666667,2.0,5.0,0.5294117647058824,1
1974,9,dijon,France,1.0,2.5,1.0,6.0,1.6666666666666667,3.0,3.0,,1
1974,10,brands_hatch,UK,1.0,4.0,2.0,5.333333333333333,1.6666666666666667,3.0,3.0,0.5,0
1974,11,nurburgring,Germany,1.0,1.5,4.0,2.3333333333333335,1.0,2.0,3.0,0.7058823529411765,1
1974,12,red_bull_ring,Austria,1.0,4.5,1.0,2.3333333333333335,1.0,3.0,3.0,0.25,0
1974,13,monza,Italy,1.0,3.0,5.0,3.3333333333333335,1.0,3.0,2.0,0.6666666666666666,0
1974,14,mosport,Canada,2.0,4.0,12.0,6.0,1.0,2.0,4.0,0.0,1
1974,15,watkins_glen,USA,5.0,7.0,2.0,6.333333333333333,1.3333333333333333,2.0,5.0,0.09090909090909091,0
1975,1,galvez,Argentina,4.0,5.5,,,,,,0.8,0
1975,2,interlagos,Brazil,4.0,4.5,4.0,4.0,4.0,0.0,0.0,0.5,0
1975,3,kyalami,South Africa,4.0,6.5,4.0,4.0,4.0,0.0,0.0,0.14285714285714285,0
1975,4,montjuic,Spain,1.0,1.5,5.0,4.333333333333333,4.0,0.0,1.0,0.3333333333333333,0
1975,5,monaco,Monaco,1.0,9.0,9.0,6.0,3.0,0.0,3.0,0.65,1
1975,6,zolder,Belgium,1.0,2.5,1.0,5.0,2.0,1.0,4.0,0.0,1
1975,7,anderstorp,Sweden,5.0,8.5,1.0,3.6666666666666665,1.0,2.0,4.0,0.0,1
1975,8,zandvoort,Netherlands,1.0,1.5,1.0,1.0,2.3333333333333335,3.0,4.0,0.5555555555555556,1
1975,9,ricard,France,1.0,5.0,2.0,1.3333333333333333,2.3333333333333335,4.0,3.0,0.0,1
1975,10,silverstone,UK,3.0,3.5,1.0,1.3333333333333333,2.3333333333333335,5.0,2.0,0.6923076923076923,0
1975,11,nurburgring,Germany,1.0,3.0,8.0,3.6666666666666665,1.6666666666666667,4.0,1.0,0.7222222222222222,1
1975,12,red_bull_ring,Austria,1.0,3.0,3.0,4.0,1.6666666666666667,4.0,2.0,0.2,0
1975,13,monza,Italy,1.0,1.5,6.0,5.666666666666667,1.6666666666666667,3.0,2.0,0.64,1
1975,14,watkins_glen,USA,1.0,6.0,1.0,3.3333333333333335,1.0,3.0,2.0,0.08333333333333333,1
1976,1,interlagos,Brazil,2.0,3.0,,,,,,0.3333333333333333,1
1976,2,kyalami,South Africa,2.0,5.5,1.0,1.0,2.0,1.0,0.0,0.125,1
1976,3,long_beach,USA,1.0,2.5,1.0,1.0,2.0,2.0,1.0,,1
1976,4,jarama,Spain,2.0,3.5,1.0,1.0,1.6666666666666667,3.0,1.0,0.5,1
1976,5,zolder,Belgium,1.0,1.5,2.0,1.3333333333333333,1.6666666666666667,4.0,1.0,0.5,1
1976,6,monaco,Monaco,1.0,1.5,1.0,1.3333333333333333,1.3333333333333333,5.0,1.0,0.6666666666666666,1
1976,7,anderstorp,Sweden,5.0,8.0,1.0,1.3333333333333333,1.3333333333333333,5.0,2.0,0.3333333333333333,1
1976,8,ricard,France,2.0,3.0,3.0,1.6666666666666667,2.3333333333333335,5.0,1.0,0.3333333333333333,0
1976,9,brands_hatch,UK,1.0,2.5,24.0,9.333333333333334,2.6666666666666665,4.0,3.0,0.4,1
1976,10,nurburgring,Germany,2.0,3.5,1.0,9.333333333333334,2.6666666666666665,4.0,4.0,0.7368421052631579,0
1976,12,zandvoort,Netherlands,5.0,5.0,9.0,11.333333333333334,1.6666666666666667,3.0,5.0,0.5789473684210527,1
1976,13,monza,Italy,5.0,7.0,2.0,4.0,2.6666666666666665,3.0,4.0,0.6538461538461539,1
1976,14,mosport,Canada,6.0,9.0,2.0,4.333333333333333,4.0,3.0,4.0,0.16666666666666666,0
1976,15,watkins_glen,USA,5.0,9.5,6.0,3.3333333333333335,5.333333333333333,3.0,2.0,0.15384615384615385,1
1976,16,fuji,Japan,3.0,5.0,3.0,3.6666666666666665,5.333333333333333,3.0,1.0,,0
1977,1,galvez,Argentina,4.0,5.5,,,,,,0.7272727272727273,1
1977,2,interlagos,Brazil,2.0,7.5,3.0,3.0,4.0,1.0,1.0,0.5,1
1977,3,kyalami,South Africa,3.0,5.5,1.0,2.0,3.0,2.0,1.0,0.2222222222222222,1
1977,4,long_beach,USA,1.0,2.5,1.0,1.6666666666666667,3.0,3.0,1.0,1.0,1
1977,5,jarama,Spain,3.0,3.5,2.0,1.3333333333333333,2.0,4.0,2.0,0.6,1
1977,6,monaco,Monaco,3.0,4.5,2.0,1.6666666666666667,2.3333333333333335,5.0,3.0,0.6818181818181818,1
1977,7,zolder,Belgium,7.0,9.0,2.0,2.0,2.3333333333333335,5.0,2.0,0.6666666666666666,1
1977,8,anderstorp,Sweden,12.0,13.5,2.0,2.0,4.333333333333333,5.0,3.0,0.5,1
1977,9,dijon,France,6.0,7.5,3.0,2.3333333333333335,7.333333333333333,5.0,4.0,1.0,0
1977,10,silverstone,UK,3.0,8.5,5.0,3.3333333333333335,8.333333333333334,4.0,3.0,0.6428571428571429,1
1977,11,hockenheimring,Germany,3.0,5.5,2.0,3.3333333333333335,7.0,4.0,2.0,1.0,1
1977,12,red_bull_ring,Austria,1.0,3.0,1.0,2.6666666666666665,4.0,4.0,2.0,0.16666666666666666,1
1977,13,zandvoort,Netherlands,4.0,5.0,2.0,1.6666666666666667,2.3333333333333335,4.0,1.0,0.6,1
1977,14,monza,Italy,2.0,3.5,1.0,1.3333333333333333,2.6666666666666665,4.0,0.0,0.6666666666666666,1
1977,15,watkins_glen,USA,6.0,6.5,2.0,1.6666666666666667,2.3333333333333335,5.0,1.0,0.21428571428571427,0
1977,16,mosport,Canada,12.0,14.5,4.0,2.3333333333333335,4.0,4.0,1.0,0.14285714285714285,0
1977,17,fuji,Japan,7.0,13.5,12.0,6.0,6.666666666666667,3.0,3.0,0.0,1
1978,1,galvez,Argentina,2.0,4.5,,,,,,0.75,0
1978,2,jacarepagua,Brazil,4.0,5.0,7.0,7.0,2.0,0.0,0.0,,1
1978,3,kyalami,South Africa,8.0,8.5,1.0,4.0,3.0,1.0,1.0,0.3,0
1978,4,long_beach,USA,1.0,1.5,16.0,8.0,4.666666666666667,1.0,3.0,1.0,1
1978,5,monaco,Monaco,1.0,4.5,1.0,6.0,4.333333333333333,2.0,4.0,0.6956521739130435,0
1978,6,zolder,Belgium,2.0,3.0,8.0,8.333333333333334,3.3333333333333335,2.0,5.0,0.75,1
1978,7,jarama,Spain,3.0,4.0,3.0,4.0,1.3333333333333333,3.0,5.0,0.6666666666666666,0
1978,8,anderstorp,Sweden,7.0,7.5,10.0,7.0,2.0,2.0,5.0,0.6,0
1978,9,ricard,France,8.0,8.5,9.0,7.333333333333333,4.0,2.0,3.0,0.25,0
1978,10,brands_hatch,UK,8.0,10.5,12.0,10.333333333333334,6.0,1.0,2.0,0.5,1
1978,11,hockenheimring,Germany,12.0,13.5,1.0,7.333333333333333,7.666666666666667,2.0,2.0,1.0,0
1978,12,red_bull_ring,Austria,11.0,11.5,8.0,7.0,9.333333333333334,1.0,3.0,0.2857142857142857,1
1978,13,zandvoort,Netherlands,4.0,4.5,3.0,4.0,10.333333333333334,2.0,3.0,0.6190476190476191,0
1978,14,monza,Italy,2.0,6.5,6.0,5.666666666666667,9.0,2.0,3.0,0.6785714285714286,1
1978,15,watkins_glen,USA,2.0,3.0,3.0,4.0,5.666666666666667,3.0,3.0,0.2,1
1978,16,villeneuve,Canada,3.0,7.0,1.0,3.3333333333333335,2.6666666666666665,3.0,3.0,,1
1979,1,galvez,Argentina,5.0,7.5,,,,,,0.6923076923076923,0
1979,2,interlagos,Brazil,5.0,5.5,12.0,12.0,5.0,0.0,2.0,0.6,0
1979,3,kyalami,South Africa,2.0,2.5,5.0,8.5,5.0,0.0,2.0,0.2727272727272727,1
1979,4,long_beach,USA,1.0,2.0,1.0,6.0,4.0,1.0,2.0,1.0,1
1979,5,jarama,Spain,3.0,4.0,1.0,2.3333333333333335,2.6666666666666665,2.0,2.0,0.5714285714285714,0
1979,6,zolder,Belgium,6.0,6.5,4.0,2.0,2.0,2.0,2.0,0.8,1
1979,7,monaco,Monaco,1.0,1.5,1.0,2.0,3.3333333333333335,3.0,0.0,0.6666666666666666,1
1979,8,dijon,France,3.0,4.0,1.0,2.0,3.3333333333333335,4.0,1.0,0.5,1
1979,9,silverstone,UK,11.0,12.0,2.0,1.3333333333333333,3.3333333333333335,4.0,1.0,0.6666666666666666,0
1979,10,hockenheimring,Germany,5.0,7.0,5.0,2.6666666666666665,5.0,3.0,2.0,0.6666666666666666,0
1979,11,red_bull_ring,Austria,5.0,7.0,4.0,3.6666666666666665,6.333333333333333,3.0,2.0,0.375,1
1979,12,zandvoort,Netherlands,5.0,5.5,2.0,3.6666666666666665,7.0,3.0,2.0,0.5909090909090909,1
1979,13,monza,Italy,3.0,4.0,2.0,2.6666666666666665,5.0,3.0,2.0,0.6896551724137931,1
1979,14,villeneuve,Canada,2.0,5.5,1.0,1.6666666666666667,4.333333333333333,3.0,2.0,1.0,1
1979,15,watkins_glen,USA,3.0,9.5,2.0,1.6666666666666667,3.3333333333333335,4.0,1.0,0.25,1
1980,1,galvez,Argentina,8.0,9.5,,,,,,0.6428571428571429,0
1980,2,interlagos,Brazil,3.0,5.5,9.0,9.0,8.0,0.0,2.0,0.5,0
1980,3,kyalami,South Africa,9.0,9.5,16.0,12.5,5.5,0.0,4.0,0.3333333333333333,0
1980,4,long_beach,USA,10.0,13.0,20.0,15.0,6.666666666666667,0.0,6.0,1.0,0
1980,5,zolder,Belgium,12.0,13.0,5.0,13.666666666666666,7.333333333333333,0.0,7.0,0.8333333333333334,0
1980,6,monaco,Monaco,6.0,11.5,6.0,10.333333333333334,10.333333333333334,0.0,7.0,0.68,0
1980,7,ricard,France,17.0,18.0,5.0,5.333333333333333,9.333333333333334,0.0,6.0,0.2,0
1980,8,brands_hatch,UK,19.0,21.0,8.0,6.333333333333333,11.666666666666666,0.0,4.0,0.5714285714285714,0
1980,9,hockenheimring,Germany,16.0,18.5,10.0,7.666666666666667,14.0,0.0,3.0,0.5,0
1980,10,red_bull_ring,Austria,15.0,18.5,6.0,8.0,17.333333333333332,0.0,2.0,0.4444444444444444,0
1980,11,zandvoort,Netherlands,7.0,9.5,8.0,8.0,16.666666666666668,0.0,2.0,0.6086956521739131,0
1980,12,imola,Italy,8.0,12.0,7.0,7.0,12.666666666666666,0.0,1.0,,0
1980,13,villeneuve,Canada,22.0,22.0,8.0,7.666666666666667,10.0,0.0,2.0,1.0,0
1980,14,watkins_glen,USA,18.0,20.5,5.0,6.666666666666667,12.333333333333334,0.0,1.0,0.29411764705882354,0
1981,1,long_beach,USA,5.0,8.0,,,,,,0.8,0
1981,2,jacarepagua,Brazil,7.0,12.0,10.0,10.0,5.0,0.0,2.0,1.0,0
1981,3,galvez,Argentina,7.0,9.5,16.0,13.0,6.0,0.0,4.0,0.6,0
1981,4,imola,Italy,1.0,3.5,14.0,13.333333333333334,6.333333333333333,0.0,6.0,0.0,0
1981,5,zolder,Belgium,3.0,5.0,5.0,11.666666666666666,5.0,0.0,6.0,0.7142857142857143,0
1981,6,monaco,Monaco,2.0,9.5,4.0,7.666666666666667,3.6666666666666665,0.0,6.0,0.6538461538461539,1
1981,7,jarama,Spain,7.0,10.0,1.0,3.3333333333333335,2.0,1.0,4.0,0.5,1
1981,8,dijon,France,11.0,12.5,1.0,2.0,4.0,2.0,2.0,0.6666666666666666,0
1981,9,silverstone,UK,4.0,6.0,5.0,2.3333333333333335,6.666666666666667,2.0,1.0,0.625,0
1981,10,hockenheimring,Germany,5.0,6.5,17.0,7.666666666666667,7.333333333333333,2.0,3.0,0.4,0
1981,11,red_bull_ring,Austria,3.0,5.5,10.0,10.666666666666666,6.666666666666667,2.0,4.0,0.4,0
1981,12,zandvoort,Netherlands,12.0,14.0,9.0,12.0,4.0,1.0,5.0,0.5833333333333334,0
1981,13,monza,Italy,8.0,8.5,21.0,13.333333333333334,6.666666666666667,0.0,7.0,0.7,0
1981,14,villeneuve,Canada,11.0,11.5,5.0,11.666666666666666,7.666666666666667,0.0,7.0,0.6666666666666666,1
1981,15,las_vegas,USA,3.0,10.5,3.0,9.666666666666666,10.333333333333334,1.0,6.0,,0
1982,1,kyalami,South Africa,3.0,4.5,,,,,,0.3076923076923077,0
1982,2,jacarepagua,Brazil,2.0,5.0,18.0,18.0,3.0,0.0,1.0,0.5,0
1982,3,long_beach,USA,7.0,8.0,6.0,12.0,2.5,0.0,2.0,0.6666666666666666,0
1982,4,imola,Italy,3.0,3.5,11.0,11.666666666666666,4.0,0.0,4.0,0.0,1
1982,5,zolder,Belgium,,,1.0,6.0,4.0,1.0,4.0,0.625,0
1982,6,monaco,Monaco,5.0,5.0,27.0,13.0,5.0,1.0,6.0,0.6666666666666666,1
1982,7,detroit,USA,4.0,4.0,2.0,10.0,4.0,2.0,6.0,,1
1982,8,villeneuve,Canada,1.0,1.0,3.0,10.666666666666666,4.5,3.0,5.0,0.75,0
1982,9,zandvoort,Netherlands,4.0,5.0,9.0,4.666666666666667,3.3333333333333335,3.0,3.0,0.56,1
1982,10,brands_hatch,UK,4.0,8.5,1.0,4.333333333333333,3.0,3.0,3.0,0.5,1
1982,11,ricard,France,3.0,4.0,2.0,4.0,3.0,4.0,1.0,0.16666666666666666,1
1982,12,hockenheimring,Germany,1.0,3.0,3.0,2.0,3.6666666666666665,4.0,0.0,0.3333333333333333,1
1982,13,red_bull_ring,Austria,4.0,4.0,1.0,2.0,2.6666666666666665,4.0,1.0,0.36363636363636365,0
1982,14,dijon,France,10.0,10.0,4.0,2.6666666666666665,2.6666666666666665,4.0,1.0,0.5,0
1982,15,monza,Italy,1.0,2.0,26.0,10.333333333333334,5.0,3.0,2.0,0.6774193548387096,1
1982,16,las_vegas,USA,7.0,7.5,2.0,10.666666666666666,5.0,3.0,2.0,0.0,0
1983,1,jacarepagua,Brazil,3.0,4.5,,,,,,0.3333333333333333,0
1983,2,long_beach,USA,1.0,1.5,4.0,4.0,3.0,0.0,0.0,0.5714285714285714,1
1983,3,ricard,France,4.0,7.5,3.0,3.5,2.0,1.0,1.0,0.2857142857142857,0
1983,4,imola,Italy,1.0,2.0,4.0,3.6666666666666665,2.6666666666666665,1.0,1.0,0.3333333333333333,1
1983,5,monaco,Monaco,2.0,3.0,1.0,2.6666666666666665,2.0,2.0,1.0,0.6785714285714286,0
1983,6,spa,Belgium,2.0,3.5,4.0,3.0,2.3333333333333335,2.0,2.0,0.6666666666666666,1
1983,7,detroit,USA,1.0,2.0,2.0,2.3333333333333335,1.6666666666666667,3.0,3.0,1.0,0
1983,8,villeneuve,Canada,1.0,2.5,17.0,7.666666666666667,1.6666666666666667,2.0,4.0,0.6,1
1983,9,silverstone,UK,1.0,1.5,1.0,6.666666666666667,1.3333333333333333,3.0,4.0,0.5882352941176471,1
1983,10,hockenheimring,Germany,1.0,1.5,3.0,7.0,1.0,3.0,4.0,0.42857142857142855,1
1983,11,red_bull_ring,Austria,1.0,1.5,1.0,1.6666666666666667,1.0,4.0,4.0,0.3333333333333333,1
1983,12,zandvoort,Netherlands,2.0,6.0,2.0,2.0,1.0,4.0,4.0,0.5769230769230769,1
1983,13,monza,Italy,2.0,2.5,1.0,1.3333333333333333,1.3333333333333333,5.0,2.0,0.6875,1
1983,14,brands_hatch,UK,5.0,5.5,2.0,1.6666666666666667,1.6666666666666667,5.0,2.0,0.5555555555555556,0
1983,15,kyalami,South Africa,1.0,2.5,9.0,4.0,3.0,4.0,3.0,0.2857142857142857,0
1984,1,jacarepagua,Brazil,2.0,6.0,,,,,,0.25,0
1984,2,kyalami,South Africa,10.0,12.5,17.0,17.0,2.0,0.0,2.0,0.26666666666666666,0
1984,3,zolder,Belgium,1.0,1.5,11.0,14.0,6.0,0.0,4.0,0.5555555555555556,1
1984,4,imola,Italy,6.0,9.5,1.0,9.666666666666666,4.333333333333333,1.0,4.0,0.5,1
1984,5,dijon,France,10.0,10.5,2.0,4.666666666666667,5.666666666666667,2.0,5.0,0.4,0
1984,6,monaco,Monaco,3.0,3.5,4.0,2.3333333333333335,5.666666666666667,2.0,6.0,0.6551724137931034,1
1984,7,villeneuve,Canada,5.0,5.5,3.0,3.0,6.333333333333333,3.0,4.0,0.6666666666666666,0
1984,8,detroit,USA,4.0,9.5,5.0,4.0,6.0,3.0,3.0,0.5,0
1984,9,dallas,USA,4.0,6.5,7.0,5.0,4.0,2.0,5.0,,1
1984,10,brands_hatch,UK,9.0,11.0,2.0,4.666666666666667,4.333333333333333,2.0,5.0,0.5,0
1984,11,hockenheimring,Germany,6.0,8.0,5.0,4.666666666666667,5.666666666666667,2.0,4.0,0.5,0
1984,12,red_bull_ring,Austria,12.0,13.5,6.0,4.333333333333333,6.333333333333333,1.0,5.0,0.38461538461538464,1
1984,13,zandvoort,Netherlands,9.0,12.0,3.0,4.666666666666667,9.0,2.0,4.0,0.5925925925925926,0
1984,14,monza,Italy,11.0,12.5,11.0,6.666666666666667,9.0,2.0,4.0,0.696969696969697,1
1984,15,nurburgring,Germany,5.0,5.5,2.0,5.333333333333333,10.666666666666666,2.0,4.0,0.7,1
1984,16,estoril,Portugal,8.0,12.5,2.0,5.0,8.333333333333334,3.0,4.0,,0
1985,1,jacarepagua,Brazil,1.0,4.0,,,,,,0.2,1
1985,2,estoril,Portugal,5.0,8.0,2.0,2.0,1.0,1.0,0.0,0.0,1
1985,3,imola,Italy,4.0,9.5,2.0,2.0,3.0,2.0,0.0,0.6,0
1985,4,monaco,Monaco,3.0,9.0,6.0,3.3333333333333335,3.3333333333333335,2.0,2.0,0.6666666666666666,1
1985,5,villeneuve,Canada,3.0,3.5,2.0,3.3333333333333335,4.0,3.0,3.0,0.5714285714285714,1
1985,6,detroit,USA,3.0,6.0,1.0,3.0,3.3333333333333335,4.0,3.0,0.3333333333333333,1
1985,7,ricard,France,3.0,9.5,2.0,1.6666666666666667,3.0,4.0,3.0,0.25,0
1985,8,silverstone,UK,6.0,8.5,4.0,2.3333333333333335,3.0,3.0,4.0,0.6111111111111112,1
1985,9,nurburgring,Germany,2.0,5.0,2.0,2.6666666666666665,4.0,4.0,3.0,0.7142857142857143,1
1985,10,red_bull_ring,Austria,9.0,10.5,1.0,2.3333333333333335,3.6666666666666665,4.0,2.0,0.42857142857142855,1
1985,11,zandvoort,Netherlands,16.0,16.5,3.0,2.0,5.666666666666667,4.0,2.0,0.5714285714285714,0
1985,12,monza,Italy,7.0,8.5,4.0,2.6666666666666665,9.0,3.0,3.0,0.7058823529411765,0
1985,13,spa,Belgium,4.0,4.5,5.0,4.0,10.666666666666666,3.0,3.0,0.6842105263157895,0
1985,14,brands_hatch,UK,13.0,14.0,22.0,10.333333333333334,9.0,2.0,4.0,0.45454545454545453,0
1985,15,kyalami,South Africa,15.0,15.5,14.0,13.666666666666666,8.0,1.0,6.0,0.25,0
1985,16,adelaide,Australia,5.0,10.0,4.0,13.333333333333334,10.666666666666666,0.0,7.0,,0
1986,1,jacarepagua,Brazil,6.0,7.0,,,,,,0.3333333333333333,0
1986,2,jerez,Spain,11.0,12.0,12.0,12.0,6.0,0.0,2.0,,0
1986,3,imola,Italy,5.0,6.0,16.0,14.0,8.5,0.0,4.0,0.5,0
1986,4,monaco,Monaco,4.0,9.5,4.0,10.666666666666666,7.333333333333333,0.0,5.0,0.6774193548387096,0
1986,5,spa,Belgium,9.0,10.0,10.0,10.0,6.666666666666667,0.0,6.0,0.65,1
1986,6,villeneuve,Canada,11.0,14.5,3.0,5.666666666666667,6.0,1.0,6.0,0.625,0
1986,7,detroit,USA,5.0,8.0,8.0,7.0,8.0,1.0,5.0,0.5,0
1986,8,ricard,France,9.0,9.5,4.0,5.0,8.333333333333334,1.0,4.0,0.2222222222222222,0
1986,9,brands_hatch,UK,12.0,15.0,8.0,6.666666666666667,8.333333333333334,1.0,4.0,0.4166666666666667,0
1986,10,hockenheimring,Germany,10.0,10.5,12.0,8.0,8.666666666666666,1.0,5.0,0.4444444444444444,0
1986,11,hungaroring,Hungary,7.0,11.0,11.0,10.333333333333334,10.333333333333334,0.0,7.0,,0
1986,12,red_bull_ring,Austria,9.0,11.5,4.0,9.0,9.666666666666666,0.0,7.0,0.4666666666666667,1
1986,13,monza,Italy,9.0,10.5,2.0,5.666666666666667,8.666666666666666,1.0,6.0,0.6857142857142857,1
1986,14,estoril,Portugal,8.0,10.5,3.0,3.0,8.333333333333334,2.0,6.0,0.5,0
1986,15,rodriguez,Mexico,12.0,13.0,5.0,3.3333333333333335,8.666666666666666,2.0,4.0,0.2857142857142857,0
1986,16,adelaide,Australia,9.0,10.5,12.0,6.666666666666667,9.666666666666666,2.0,4.0,0.0,1
1987,1,jacarepagua,Brazil,7.0,8.0,,,,,,0.2857142857142857,0
1987,2,imola,Italy,5.0,5.5,4.0,4.0,7.0,0.0,1.0,0.42857142857142855,1
1987,3,spa,Belgium,4.0,4.5,3.0,3.5,6.0,1.0,2.0,0.6666666666666666,0
1987,4,monaco,Monaco,5.0,6.5,19.0,8.666666666666666,5.333333333333333,1.0,4.0,0.65625,1
1987,5,detroit,USA,7.0,9.5,3.0,8.333333333333334,4.666666666666667,2.0,4.0,0.4,0
1987,6,ricard,France,6.0,7.0,4.0,8.666666666666666,5.333333333333333,2.0,5.0,0.2,0
1987,7,silverstone,UK,7.0,7.5,10.0,5.666666666666667,6.0,2.0,6.0,0.631578947368421,0
1987,8,hockenheimring,Germany,5.0,7.5,13.0,9.0,6.666666666666667,1.0,7.0,0.4,0
1987,9,hungaroring,Hungary,2.0,3.5,16.0,13.0,6.0,1.0,7.0,0.0,0
1987,10,red_bull_ring,Austria,3.0,4.5,19.0,16.0,4.666666666666667,0.0,9.0,0.5,0
1987,11,monza,Italy,3.0,5.5,18.0,17.666666666666668,3.3333333333333335,0.0,10.0,0.6944444444444444,0
1987,12,estoril,Portugal,1.0,3.5,4.0,13.666666666666666,2.6666666666666665,0.0,9.0,0.3333333333333333,1
1987,13,jerez,Spain,3.0,3.5,2.0,8.0,2.3333333333333335,1.0,8.0,0.0,0
1987,14,rodriguez,Mexico,2.0,5.5,15.0,7.0,2.3333333333333335,1.0,8.0,0.25,0
1987,15,suzuka,Japan,1.0,2.5,18.0,11.666666666666666,2.0,1.0,8.0,,1
1987,16,adelaide,Australia,1.0,3.5,1.0,11.333333333333334,2.0,2.0,6.0,0.5,1
1988,1,jacarepagua,Brazil,4.0,5.0,,,,,,0.25,1
1988,2,imola,Italy,5.0,7.5,2.0,2.0,4.0,1.0,0.0,0.5,0
1988,3,monaco,Monaco,3.0,3.5,5.0,3.5,4.5,1.0,1.0,0.6666666666666666,1
1988,4,rodriguez,Mexico,3.0,4.0,2.0,3.0,4.0,2.0,1.0,0.2222222222222222,1
1988,5,villeneuve,Canada,3.0,3.5,3.0,3.3333333333333335,3.6666666666666665,3.0,1.0,0.5555555555555556,0
1988,6,detroit,USA,2.0,2.5,18.0,7.666666666666667,3.0,3.0,3.0,0.3333333333333333,0
1988,7,ricard,France,3.0,3.5,13.0,11.333333333333334,2.6666666666666665,2.0,5.0,0.18181818181818182,1
1988,8,silverstone,UK,1.0,1.5,3.0,11.333333333333334,2.6666666666666665,3.0,4.0,0.6,0
1988,9,hockenheimring,Germany,3.0,3.5,9.0,8.333333333333334,2.0,2.0,5.0,0.36363636363636365,1
1988,10,hungaroring,Hungary,9.0,12.0,3.0,5.0,2.3333333333333335,2.0,5.0,0.0,0
1988,11,spa,Belgium,3.0,3.5,4.0,5.333333333333333,4.333333333333333,2.0,4.0,0.6363636363636364,0
1988,12,monza,Italy,3.0,3.5,17.0,8.0,5.0,2.0,4.0,0.6756756756756757,1
1988,13,estoril,Portugal,4.0,5.5,1.0,7.333333333333333,5.0,2.0,4.0,0.5,0
1988,14,jerez,Spain,8.0,9.0,5.0,7.666666666666667,3.3333333333333335,2.0,4.0,0.0,0
1988,15,suzuka,Japan,3.0,6.0,6.0,4.0,5.0,1.0,5.0,1.0,0
1988,16,adelaide,Australia,4.0,8.0,4.0,5.0,5.0,1.0,4.0,0.6666666666666666,0
1989,1,jacarepagua,Brazil,3.0,4.5,,,,,,0.3333333333333333,1
1989,2,imola,Italy,3.0,4.0,1.0,1.0,3.0,1.0,1.0,0.4444444444444444,0
1989,3,monaco,Monaco,5.0,5.0,18.0,9.5,3.0,1.0,3.0,0.6764705882352942,0
1989,4,rodriguez,Mexico,3.0,4.5,22.0,13.666666666666666,3.6666666666666665,1.0,4.0,0.3,0
1989,5,phoenix,USA,4.0,6.0,17.0,19.0,3.6666666666666665,1.0,6.0,,0
1989,6,villeneuve,Canada,4.0,4.5,10.0,16.333333333333332,4.0,1.0,8.0,0.5,0
1989,7,ricard,France,3.0,4.5,18.0,15.0,3.6666666666666665,0.0,9.0,0.25,1
1989,8,silverstone,UK,3.0,3.5,2.0,10.0,3.6666666666666665,1.0,8.0,0.5714285714285714,1
1989,9,hockenheimring,Germany,3.0,3.5,2.0,7.333333333333333,3.3333333333333335,2.0,8.0,0.4166666666666667,1
1989,10,hungaroring,Hungary,6.0,9.0,3.0,2.3333333333333335,3.0,3.0,7.0,0.0,1
1989,11,spa,Belgium,3.0,4.5,1.0,2.0,4.0,4.0,6.0,0.6086956521739131,1
1989,12,monza,Italy,2.0,2.5,3.0,2.3333333333333335,4.0,5.0,5.0,0.6842105263157895,1
1989,13,estoril,Portugal,2.0,2.5,2.0,2.0,3.6666666666666665,5.0,5.0,0.4,1
1989,14,jerez,Spain,2.0,2.0,1.0,2.0,2.3333333333333335,5.0,5.0,0.0,1
1989,15,suzuka,Japan,3.0,3.5,2.0,1.6666666666666667,2.0,5.0,4.0,0.5,0
1989,16,adelaide,Australia,7.0,10.5,14.0,5.666666666666667,2.3333333333333335,4.0,5.0,0.5,0
1990,1,phoenix,USA,7.0,12.0,,,,,,0.0,0
1990,2,interlagos,Brazil,5.0,5.5,17.0,17.0,7.0,0.0,2.0,0.42857142857142855,1
1990,3,imola,Italy,5.0,5.5,1.0,9.0,6.0,1.0,2.0,0.4,0
1990,4,monaco,Monaco,2.0,4.5,4.0,7.333333333333333,5.666666666666667,1.0,3.0,0.6571428571428571,0
1990,5,villeneuve,Canada,3.0,5.0,9.0,4.666666666666667,4.0,1.0,5.0,0.45454545454545453,1
1990,6,rodriguez,Mexico,4.0,8.5,3.0,5.333333333333333,3.3333333333333335,2.0,5.0,0.2727272727272727,1
1990,7,ricard,France,1.0,2.5,1.0,4.333333333333333,3.0,3.0,3.0,0.3076923076923077,1
1990,8,silverstone,UK,1.0,3.0,1.0,1.6666666666666667,2.6666666666666665,3.0,4.0,0.5909090909090909,1
1990,9,hockenheimring,Germany,3.0,3.5,1.0,1.0,2.0,4.0,4.0,0.46153846153846156,0
1990,10,hungaroring,Hungary,5.0,6.5,4.0,2.0,1.6666666666666667,4.0,3.0,0.25,0
1990,11,spa,Belgium,3.0,4.0,17.0,7.333333333333333,3.0,3.0,5.0,0.625,1
1990,12,monza,Italy,2.0,3.0,2.0,7.666666666666667,3.6666666666666665,3.0,6.0,0.6923076923076923,1
1990,13,estoril,Portugal,1.0,1.5,2.0,7.0,3.3333333333333335,3.0,5.0,0.5,1
1990,14,jerez,Spain,2.0,2.5,1.0,1.6666666666666667,2.0,3.0,4.0,0.25,1
1990,15,suzuka,Japan,2.0,2.5,1.0,1.3333333333333333,1.6666666666666667,4.0,3.0,0.3333333333333333,0
1990,16,adelaide,Australia,3.0,3.5,14.0,5.333333333333333,1.6666666666666667,4.0,3.0,0.4,1
1991,1,phoenix,USA,2.0,4.0,,,,,,0.0,1
1991,2,interlagos,Brazil,5.0,5.5,2.0,2.0,2.0,1.0,1.0,0.5,0
1991,3,imola,Italy,3.0,5.0,4.0,3.0,3.5,1.0,1.0,0.36363636363636365,0
1991,4,monaco,Monaco,7.0,8.0,22.0,9.333333333333334,3.3333333333333335,1.0,3.0,0.6388888888888888,1
1991,5,villeneuve,Canada,4.0,5.5,3.0,9.666666666666666,5.0,2.0,3.0,0.5,0
1991,6,rodriguez,Mexico,4.0,5.5,15.0,13.333333333333334,4.666666666666667,2.0,5.0,0.3333333333333333,0
1991,7,magny_cours,France,2.0,4.0,17.0,11.666666666666666,5.0,1.0,6.0,,1
1991,8,silverstone,UK,5.0,5.5,2.0,11.333333333333334,3.3333333333333335,2.0,6.0,0.6086956521739131,1
1991,9,hockenheimring,Germany,5.0,5.5,3.0,7.333333333333333,3.6666666666666665,3.0,5.0,0.42857142857142855,1
1991,10,hungaroring,Hungary,4.0,5.0,3.0,2.6666666666666665,4.0,3.0,6.0,0.2,0
1991,11,spa,Belgium,2.0,3.5,5.0,3.6666666666666665,4.666666666666667,3.0,5.0,0.64,0
1991,12,monza,Italy,5.0,5.5,16.0,8.0,3.6666666666666665,3.0,5.0,0.7,1
1991,13,estoril,Portugal,5.0,5.5,3.0,8.0,3.6666666666666665,3.0,6.0,0.5714285714285714,1
1991,14,catalunya,Spain,6.0,6.5,3.0,7.333333333333333,4.0,3.0,6.0,,1
1991,15,suzuka,Japan,4.0,5.0,2.0,2.6666666666666665,5.333333333333333,3.0,5.0,0.25,0
1991,16,adelaide,Australia,7.0,7.5,4.0,3.0,5.0,3.0,5.0,0.5,0
1992,1,kyalami,South Africa,5.0,7.0,,,,,,0.23529411764705882,0
1992,2,rodriguez,Mexico,10.0,15.0,21.0,21.0,5.0,0.0,2.0,0.3076923076923077,0
1992,3,interlagos,Brazil,6.0,8.5,18.0,19.5,7.5,0.0,4.0,0.4444444444444444,0
1992,4,catalunya,Spain,5.0,6.5,4.0,14.333333333333334,7.0,0.0,4.0,1.0,1
1992,5,imola,Italy,7.0,7.5,3.0,8.333333333333334,7.0,1.0,5.0,0.3333333333333333,0
1992,6,monaco,Monaco,4.0,6.0,16.0,7.666666666666667,6.0,1.0,7.0,0.6486486486486487,0
1992,7,villeneuve,Canada,8.0,8.5,13.0,10.666666666666666,5.333333333333333,1.0,7.0,0.46153846153846156,1
1992,8,magny_cours,France,6.0,7.0,3.0,10.666666666666666,6.333333333333333,2.0,6.0,1.0,0
1992,9,silverstone,UK,8.0,11.0,12.0,9.333333333333334,6.0,2.0,8.0,0.625,0
1992,10,hockenheimring,Germany,5.0,8.5,9.0,8.0,7.333333333333333,1.0,8.0,0.4666666666666667,0
1992,11,hungaroring,Hungary,9.0,9.5,5.0,8.666666666666666,6.333333333333333,1.0,7.0,0.16666666666666666,0
1992,12,spa,Belgium,5.0,8.5,6.0,6.666666666666667,7.333333333333333,1.0,6.0,0.6153846153846154,0
1992,13,monza,Italy,3.0,5.0,20.0,10.333333333333334,6.333333333333333,0.0,7.0,0.7073170731707317,0
1992,14,estoril,Portugal,10.0,13.0,20.0,15.333333333333334,5.666666666666667,0.0,7.0,0.625,0
1992,15,suzuka,Japan,11.0,13.0,21.0,20.333333333333332,6.0,0.0,8.0,0.2,0
1992,16,adelaide,Australia,6.0,12.5,5.0,15.333333333333334,8.0,0.0,7.0,0.42857142857142855,0
1993,1,kyalami,South Africa,5.0,10.0,,,,,,0.2222222222222222,0
1993,2,interlagos,Brazil,9.0,11.0,6.0,6.0,5.0,0.0,2.0,0.4,0
1993,3,donington,UK,8.0,8.5,8.0,7.0,7.0,0.0,3.0,,0
1993,4,imola,Italy,8.0,8.5,15.0,9.666666666666666,7.333333333333333,0.0,5.0,0.3076923076923077,0
1993,5,catalunya,Spain,8.0,9.5,13.0,12.0,8.333333333333334,0.0,7.0,1.0,0
1993,6,monaco,Monaco,5.0,6.0,6.0,11.333333333333334,8.0,0.0,8.0,0.631578947368421,1
1993,7,villeneuve,Canada,5.0,5.5,3.0,7.333333333333333,7.0,1.0,7.0,0.5,0
1993,8,magny_cours,France,6.0,10.0,4.0,4.333333333333333,6.0,1.0,7.0,0.5,0
1993,9,silverstone,UK,12.0,12.5,14.0,7.0,5.333333333333333,1.0,6.0,0.6,0
1993,10,hockenheimring,Germany,9.0,9.5,9.0,9.0,7.666666666666667,1.0,5.0,0.4375,0
1993,11,hungaroring,Hungary,6.0,7.0,6.0,9.666666666666666,9.0,1.0,4.0,0.14285714285714285,1
1993,12,spa,Belgium,4.0,10.0,3.0,6.0,9.0,1.0,4.0,0.5925925925925926,0
1993,13,monza,Italy,3.0,4.5,10.0,6.333333333333333,6.333333333333333,1.0,5.0,0.6904761904761905,1
1993,14,estoril,Portugal,5.0,6.5,2.0,5.0,4.333333333333333,2.0,5.0,0.5555555555555556,0
1993,15,suzuka,Japan,5.0,9.5,4.0,5.333333333333333,4.0,2.0,5.0,0.16666666666666666,0
1993,16,adelaide,Australia,6.0,6.5,16.0,7.333333333333333,4.333333333333333,2.0,7.0,0.375,0
1994,1,interlagos,Brazil,3.0,10.0,,,,,,0.36363636363636365,1
1994,2,okayama,Japan,5.0,6.0,3.0,3.0,3.0,1.0,1.0,,1
1994,3,imola,Italy,3.0,4.5,2.0,2.5,4.0,2.0,2.0,0.2857142857142857,1
1994,4,monaco,Monaco,3.0,4.0,2.0,2.3333333333333335,3.6666666666666665,3.0,3.0,0.6410256410256411,1
1994,5,catalunya,Spain,6.0,6.5,3.0,2.3333333333333335,3.6666666666666665,4.0,3.0,0.6666666666666666,0
1994,6,villeneuve,Canada,2.0,2.5,4.0,3.0,4.0,4.0,4.0,0.4666666666666667,1
1994,7,magny_cours,France,4.0,4.5,3.0,3.3333333333333335,3.6666666666666665,4.0,3.0,0.3333333333333333,1
1994,8,silverstone,UK,3.0,3.5,3.0,3.3333333333333335,4.0,4.0,3.0,0.5769230769230769,1
1994,9,hockenheimring,Germany,1.0,1.5,2.0,2.6666666666666665,3.0,4.0,3.0,0.4117647058823529,1
1994,10,hungaroring,Hungary,4.0,8.5,1.0,2.0,2.6666666666666665,4.0,4.0,0.25,0
1994,11,spa,Belgium,5.0,8.0,12.0,5.0,2.6666666666666665,4.0,5.0,0.5714285714285714,0
1994,12,monza,Italy,1.0,1.5,22.0,11.666666666666666,3.3333333333333335,3.0,7.0,0.6976744186046512,1
1994,13,estoril,Portugal,1.0,3.0,2.0,12.0,3.3333333333333335,3.0,7.0,0.5,0
1994,14,jerez,Spain,6.0,11.0,21.0,15.0,2.3333333333333335,2.0,8.0,0.4,0
1994,15,suzuka,Japan,7.0,9.0,5.0,9.333333333333334,2.6666666666666665,1.0,7.0,0.14285714285714285,1
1994,16,adelaide,Australia,8.0,9.5,3.0,9.666666666666666,4.666666666666667,2.0,6.0,0.3333333333333333,1
1995,1,interlagos,Brazil,5.0,5.5,,,,,,0.4166666666666667,1
1995,2,galvez,Argentina,6.0,7.0,3.0,3.0,5.0,1.0,0.0,0.5625,1
1995,3,imola,Italy,2.0,3.5,2.0,2.5,5.5,2.0,0.0,0.3333333333333333,1
1995,4,catalunya,Spain,2.0,2.5,2.0,2.3333333333333335,4.333333333333333,3.0,0.0,0.5,1
1995,5,monaco,Monaco,4.0,4.5,3.0,2.3333333333333335,3.3333333333333335,4.0,1.0,0.65,1
1995,6,villeneuve,Canada,4.0,4.5,3.0,2.6666666666666665,2.6666666666666665,5.0,2.0,0.5,1
1995,7,magny_cours,France,4.0,5.5,1.0,2.3333333333333335,3.3333333333333335,5.0,3.0,0.5,0
1995,8,silverstone,UK,4.0,5.0,5.0,3.0,4.0,4.0,3.0,0.5925925925925926,1
1995,9,hockenheimring,Germany,4.0,7.0,2.0,2.6666666666666665,4.0,4.0,4.0,0.4444444444444444,1
1995,10,hungaroring,Hungary,4.0,5.0,3.0,3.3333333333333335,4.0,4.0,4.0,0.2222222222222222,1
1995,11,spa,Belgium,1.0,1.5,3.0,2.6666666666666665,4.0,4.0,4.0,0.5517241379310345,0
1995,12,monza,Italy,3.0,4.0,18.0,8.0,3.0,3.0,5.0,0.7045454545454546,0
1995,13,estoril,Portugal,4.0,5.5,11.0,10.666666666666666,2.6666666666666665,3.0,7.0,0.45454545454545453,0
1995,14,nurburgring,Germany,4.0,5.0,4.0,11.0,2.6666666666666665,2.0,6.0,0.7272727272727273,1
1995,15,okayama,Japan,4.0,4.5,2.0,5.666666666666667,3.6666666666666665,2.0,6.0,1.0,0
1995,16,suzuka,Japan,2.0,3.5,4.0,3.3333333333333335,4.0,1.0,5.0,0.25,0
1995,17,adelaide,Australia,4.0,4.5,16.0,7.333333333333333,3.3333333333333335,1.0,5.0,0.4,0
1996,1,albert_park,Australia,3.0,3.5,,,,,,,1
1996,2,interlagos,Brazil,4.0,7.0,3.0,3.0,3.0,1.0,1.0,0.46153846153846156,1
1996,3,galvez,Argentina,2.0,6.0,3.0,3.0,3.5,2.0,1.0,0.5882352941176471,0
1996,4,nurburgring,Germany,3.0,5.0,5.0,3.6666666666666665,3.0,2.0,2.0,0.7391304347826086,1
1996,5,imola,Italy,1.0,3.5,2.0,3.3333333333333335,3.0,3.0,3.0,0.375,1
1996,6,monaco,Monaco,1.0,4.0,2.0,3.0,2.0,4.0,3.0,0.6585365853658537,0
1996,7,catalunya,Spain,3.0,4.5,7.0,3.6666666666666665,1.6666666666666667,3.0,4.0,0.6,1
1996,8,villeneuve,Canada,3.0,4.0,1.0,3.3333333333333335,1.6666666666666667,3.0,5.0,0.5294117647058824,0
1996,9,magny_cours,France,1.0,11.5,12.0,6.666666666666667,2.3333333333333335,3.0,6.0,0.4,0
1996,10,silverstone,UK,3.0,6.5,19.0,10.666666666666666,2.3333333333333335,2.0,7.0,0.6071428571428571,0
1996,11,hockenheimring,Germany,3.0,5.5,19.0,16.666666666666668,2.3333333333333335,1.0,9.0,0.47368421052631576,0
1996,12,hungaroring,Hungary,1.0,2.5,4.0,14.0,2.3333333333333335,1.0,8.0,0.3,0
1996,13,spa,Belgium,3.0,6.0,9.0,10.666666666666666,2.3333333333333335,0.0,9.0,0.5333333333333333,1
1996,14,monza,Italy,3.0,5.0,1.0,4.666666666666667,2.3333333333333335,1.0,8.0,0.6888888888888889,1
1996,15,estoril,Portugal,4.0,5.0,1.0,3.6666666666666665,2.3333333333333335,2.0,7.0,0.4166666666666667,1
1996,16,suzuka,Japan,3.0,4.5,3.0,1.6666666666666667,3.3333333333333335,3.0,5.0,0.2222222222222222,1
1997,1,albert_park,Australia,3.0,4.0,,,,,,1.0,1
1997,2,interlagos,Brazil,2.0,8.0,2.0,2.0,3.0,1.0,1.0,0.5,0
1997,3,galvez,Argentina,4.0,5.5,5.0,3.5,2.5,1.0,1.0,0.5555555555555556,1
1997,4,imola,Italy,3.0,6.0,2.0,3.0,3.0,2.0,2.0,0.4117647058823529,1
1997,5,monaco,Monaco,2.0,8.5,2.0,3.0,3.0,3.0,2.0,0.6428571428571429,1
1997,6,catalunya,Spain,7.0,9.0,1.0,1.6666666666666667,3.0,4.0,2.0,0.6666666666666666,0
1997,7,villeneuve,Canada,1.0,6.5,4.0,2.3333333333333335,4.0,3.0,1.0,0.5,1
1997,8,magny_cours,France,1.0,3.0,1.0,2.0,3.3333333333333335,4.0,2.0,0.3333333333333333,1
1997,9,silverstone,UK,4.0,5.5,1.0,2.0,3.0,4.0,1.0,0.5862068965517241,0
1997,10,hockenheimring,Germany,4.0,7.0,15.0,5.666666666666667,2.0,3.0,3.0,0.45,1
1997,11,hungaroring,Hungary,1.0,3.0,2.0,6.0,3.0,3.0,4.0,0.2727272727272727,0
1997,12,spa,Belgium,3.0,10.0,4.0,7.0,3.0,3.0,5.0,0.5483870967741935,1
1997,13,monza,Italy,9.0,9.5,1.0,2.3333333333333335,2.6666666666666665,3.0,4.0,0.6956521739130435,0
1997,14,red_bull_ring,Austria,8.0,8.5,6.0,3.6666666666666665,4.333333333333333,2.0,4.0,0.47058823529411764,0
1997,15,nurburgring,Germany,5.0,9.5,6.0,4.333333333333333,6.666666666666667,2.0,3.0,0.75,0
1997,16,suzuka,Japan,2.0,2.5,16.0,9.333333333333334,7.333333333333333,1.0,4.0,0.3,1
1997,17,jerez,Spain,2.0,4.5,1.0,7.666666666666667,5.0,2.0,3.0,0.3333333333333333,0
1998,1,albert_park,Australia,3.0,5.5,,,,,,1.0,0
1998,2,interlagos,Brazil,4.0,5.0,4.0,4.0,3.0,0.0,1.0,0.4666666666666667,1
1998,3,galvez,Argentina,2.0,3.0,3.0,3.5,3.5,1.0,1.0,0.5789473684210527,1
1998,4,imola,Italy,3.0,3.5,1.0,2.6666666666666665,3.0,2.0,1.0,0.4444444444444444,1
1998,5,catalunya,Spain,3.0,4.5,2.0,2.0,3.0,3.0,1.0,0.5714285714285714,1
1998,6,monaco,Monaco,4.0,5.5,3.0,2.0,2.6666666666666665,4.0,2.0,0.6511627906976745,1
1998,7,villeneuve,Canada,3.0,5.5,3.0,2.6666666666666665,3.3333333333333335,5.0,1.0,0.5263157894736842,1
1998,8,magny_cours,France,2.0,3.0,1.0,2.3333333333333335,3.3333333333333335,5.0,1.0,0.42857142857142855,1
1998,9,silverstone,UK,2.0,3.5,1.0,1.6666666666666667,3.0,5.0,1.0,0.5666666666666667,1
1998,10,red_bull_ring,Austria,4.0,6.0,1.0,1.0,2.3333333333333335,5.0,1.0,0.4444444444444444,1
1998,11,hockenheimring,Germany,6.0,7.5,3.0,1.6666666666666667,2.6666666666666665,5.0,0.0,0.47619047619047616,0
1998,12,hungaroring,Hungary,3.0,4.0,5.0,3.0,4.0,4.0,0.0,0.25,1
1998,13,spa,Belgium,4.0,4.5,1.0,3.0,4.333333333333333,4.0,1.0,0.5625,0
1998,14,monza,Italy,1.0,3.0,10.0,5.333333333333333,4.333333333333333,3.0,3.0,0.6808510638297872,1
1998,15,nurburgring,Germany,1.0,1.5,1.0,4.0,2.6666666666666665,3.0,3.0,0.72,1
1998,16,suzuka,Japan,1.0,2.5,2.0,4.333333333333333,2.0,3.0,3.0,0.36363636363636365,1
1999,1,albert_park,Australia,3.0,4.5,,,,,,0.6666666666666666,1
1999,2,interlagos,Brazil,4.0,5.0,1.0,1.0,3.0,1.0,0.0,0.5,1
1999,3,imola,Italy,3.0,3.5,2.0,1.5,3.5,2.0,0.0,0.47368421052631576,1
1999,4,monaco,Monaco,2.0,3.0,1.0,1.3333333333333333,3.3333333333333335,3.0,1.0,0.6590909090909091,1
1999,5,catalunya,Spain,2.0,3.0,1.0,1.3333333333333333,3.0,4.0,1.0,0.625,1
1999,6,villeneuve,Canada,1.0,2.0,3.0,1.6666666666666667,2.3333333333333335,5.0,1.0,0.55,1
1999,7,magny_cours,France,6.0,11.5,3.0,2.3333333333333335,1.6666666666666667,5.0,2.0,0.5,0
1999,8,silverstone,UK,2.0,3.0,5.0,3.6666666666666665,3.0,4.0,2.0,0.5806451612903226,1
1999,9,red_bull_ring,Austria,3.0,5.0,2.0,3.3333333333333335,3.0,4.0,2.0,0.47368421052631576,1
1999,10,hockenheimring,Germany,4.0,4.5,1.0,2.6666666666666665,3.6666666666666665,4.0,2.0,0.45454545454545453,1
1999,11,hungaroring,Hungary,2.0,10.0,1.0,1.3333333333333333,3.0,4.0,2.0,0.3076923076923077,1
1999,12,spa,Belgium,6.0,7.5,3.0,1.6666666666666667,3.0,4.0,1.0,0.5454545454545454,0
1999,13,monza,Italy,6.0,7.0,4.0,2.6666666666666665,4.0,4.0,1.0,0.6875,1
1999,14,nurburgring,Germany,9.0,10.5,3.0,3.3333333333333335,4.666666666666667,4.0,0.0,0.7307692307692307,0
1999,15,sepang,Malaysia,1.0,1.5,7.0,4.666666666666667,7.0,3.0,1.0,,1
1999,16,suzuka,Japan,1.0,3.0,1.0,3.6666666666666665,5.333333333333333,3.0,1.0,0.4166666666666667,1
2000,1,albert_park,Australia,3.0,3.5,,,,,,0.75,1
2000,2,interlagos,Brazil,3.0,3.5,1.0,1.0,3.0,1.0,0.0,0.5294117647058824,1
2000,3,imola,Italy,2.0,3.0,1.0,1.0,3.0,2.0,1.0,0.5,1
2000,4,silverstone,UK,1.0,3.0,1.0,1.0,2.6666666666666665,3.0,1.0,0.59375,1
2000,5,catalunya,Spain,1.0,2.0,3.0,1.6666666666666667,2.0,4.0,2.0,0.6666666666666666,1
2000,6,nurburgring,Germany,2.0,3.0,3.0,2.3333333333333335,1.3333333333333333,5.0,2.0,0.7037037037037037,1
2000,7,monaco,Monaco,1.0,3.5,1.0,2.3333333333333335,1.3333333333333333,5.0,2.0,0.6666666666666666,1
2000,8,villeneuve,Canada,1.0,2.0,2.0,2.0,1.3333333333333333,5.0,2.0,0.5714285714285714,1
2000,9,magny_cours,France,1.0,2.0,1.0,1.3333333333333333,1.3333333333333333,5.0,2.0,0.4444444444444444,1
2000,10,red_bull_ring,Austria,3.0,3.5,3.0,2.0,1.0,5.0,2.0,0.5,1
2000,11,hockenheimring,Germany,2.0,10.0,3.0,2.3333333333333335,1.6666666666666667,5.0,3.0,0.4782608695652174,1
2000,12,hungaroring,Hungary,1.0,3.0,1.0,2.3333333333333335,2.0,5.0,4.0,0.35714285714285715,1
2000,13,spa,Belgium,4.0,7.0,2.0,2.0,2.0,5.0,3.0,0.5294117647058824,1
2000,14,monza,Italy,1.0,1.5,2.0,1.6666666666666667,2.3333333333333335,5.0,4.0,0.6938775510204082,1
2000,15,indianapolis,USA,1.0,2.5,1.0,1.6666666666666667,2.0,5.0,4.0,0.0,1
2000,16,suzuka,Japan,1.0,2.5,1.0,1.3333333333333333,2.0,5.0,3.0,0.46153846153846156,1
2000,17,sepang,Malaysia,1.0,2.5,1.0,1.0,1.0,5.0,2.0,1.0,1
2001,1,albert_park,Australia,1.0,1.5,,,,,,0.8,1
2001,2,sepang,Malaysia,1.0,1.5,1.0,1.0,1.0,1.0,0.0,1.0,1
2001,3,interlagos,Brazil,1.0,3.5,1.0,1.0,1.0,2.0,0.0,0.5555555555555556,1
2001,4,imola,Italy,4.0,5.0,2.0,1.3333333333333333,1.0,3.0,1.0,0.5238095238095238,1
2001,5,catalunya,Spain,1.0,2.5,3.0,2.0,2.0,4.0,2.0,0.7,1
2001,6,red_bull_ring,Austria,1.0,2.5,1.0,2.0,2.0,5.0,3.0,0.5238095238095238,1
2001,7,monaco,Monaco,2.0,3.0,2.0,2.0,2.0,5.0,3.0,0.6739130434782609,1
2001,8,villeneuve,Canada,1.0,3.0,1.0,1.3333333333333333,1.3333333333333333,5.0,3.0,0.5909090909090909,1
2001,9,nurburgring,Germany,1.0,2.5,2.0,1.6666666666666667,1.3333333333333333,5.0,3.0,0.7142857142857143,1
2001,10,magny_cours,France,2.0,5.0,1.0,1.3333333333333333,1.3333333333333333,5.0,2.0,0.5,1
2001,11,silverstone,UK,1.0,3.5,1.0,1.3333333333333333,1.3333333333333333,5.0,1.0,0.6060606060606061,1
2001,12,hockenheimring,Germany,4.0,5.0,2.0,1.3333333333333333,1.3333333333333333,5.0,1.0,0.5,1
2001,13,hungaroring,Hungary,1.0,2.0,2.0,1.6666666666666667,2.3333333333333335,5.0,2.0,0.4,1
2001,14,spa,Belgium,3.0,4.0,1.0,1.6666666666666667,2.0,5.0,1.0,0.5428571428571428,1
2001,15,monza,Italy,2.0,2.5,1.0,1.3333333333333333,2.6666666666666665,5.0,1.0,0.7,1
2001,16,indianapolis,USA,1.0,3.0,2.0,1.3333333333333333,2.0,5.0,1.0,0.5,1
2001,17,suzuka,Japan,1.0,2.5,2.0,1.6666666666666667,2.0,5.0,2.0,0.5,1
2002,1,albert_park,Australia,1.0,1.5,,,,,,0.8333333333333334,1
2002,2,sepang,Malaysia,1.0,2.0,1.0,1.0,1.0,1.0,1.0,1.0,1
2002,3,interlagos,Brazil,2.0,5.0,3.0,2.0,1.0,2.0,2.0,0.5789473684210527,1
2002,4,imola,Italy,1.0,1.5,1.0,1.6666666666666667,1.3333333333333333,3.0,3.0,0.5454545454545454,1
2002,5,catalunya,Spain,1.0,1.5,1.0,1.6666666666666667,1.3333333333333333,4.0,3.0,0.7272727272727273,1
2002,6,red_bull_ring,Austria,1.0,2.0,1.0,1.0,1.3333333333333333,5.0,4.0,0.5454545454545454,1
2002,7,monaco,Monaco,3.0,4.0,1.0,1.0,1.0,5.0,3.0,0.6808510638297872,1
2002,8,villeneuve,Canada,2.0,2.5,2.0,1.3333333333333333,1.6666666666666667,5.0,2.0,0.6086956521739131,1
2002,9,nurburgring,Germany,3.0,3.5,1.0,1.3333333333333333,2.0,5.0,1.0,0.7241379310344828,1
2002,10,silverstone,UK,2.0,2.5,1.0,1.3333333333333333,2.6666666666666665,5.0,1.0,0.6176470588235294,1
2002,11,magny_cours,France,2.0,2.5,1.0,1.0,2.3333333333333335,5.0,0.0,0.5454545454545454,1
2002,12,hockenheimring,Germany,1.0,2.0,1.0,1.0,2.3333333333333335,5.0,1.0,0.52,1
2002,13,hungaroring,Hungary,1.0,1.5,1.0,1.0,1.6666666666666667,5.0,1.0,0.4375,1
2002,14,spa,Belgium,1.0,2.0,1.0,1.0,1.3333333333333333,5.0,1.0,0.5555555555555556,1
2002,15,monza,Italy,2.0,3.0,1.0,1.0,1.0,5.0,1.0,0.7058823529411765,1
2002,16,indianapolis,USA,1.0,1.5,1.0,1.0,1.3333333333333333,5.0,1.0,0.6666666666666666,1
2002,17,suzuka,Japan,1.0,1.5,1.0,1.0,1.3333333333333333,5.0,0.0,0.5333333333333333,1
2003,1,albert_park,Australia,1.0,1.5,,,,,,0.8571428571428571,0
2003,2,sepang,Malaysia,3.0,4.0,4.0,4.0,1.0,0.0,1.0,1.0,1
2003,3,interlagos,Brazil,1.0,4.0,2.0,3.0,2.0,1.0,1.0,0.6,0
2003,4,imola,Italy,1.0,2.0,11.0,5.666666666666667,1.6666666666666667,1.0,3.0,0.5652173913043478,1
2003,5,catalunya,Spain,1.0,1.5,1.0,4.666666666666667,1.6666666666666667,2.0,3.0,0.75,1
2003,6,red_bull_ring,Austria,1.0,3.0,1.0,4.333333333333333,1.0,3.0,3.0,0.5652173913043478,1
2003,7,monaco,Monaco,5.0,6.0,1.0,1.0,1.0,4.0,2.0,0.6875,1
2003,8,villeneuve,Canada,3.0,4.0,3.0,1.6666666666666667,2.3333333333333335,4.0,2.0,0.625,1
2003,9,nurburgring,Germany,2.0,3.5,1.0,1.6666666666666667,3.0,5.0,0.0,0.7333333333333333,1
2003,10,magny_cours,France,3.0,5.5,3.0,2.3333333333333335,3.3333333333333335,5.0,0.0,0.5833333333333334,1
2003,11,silverstone,UK,1.0,3.0,3.0,2.3333333333333335,2.6666666666666665,5.0,0.0,0.6285714285714286,1
2003,12,hockenheimring,Germany,3.0,4.5,1.0,2.3333333333333335,2.0,5.0,0.0,0.5384615384615384,0
2003,13,hungaroring,Hungary,5.0,6.5,7.0,3.6666666666666665,2.3333333333333335,4.0,1.0,0.47058823529411764,0
2003,14,monza,Italy,1.0,2.0,8.0,5.333333333333333,3.0,3.0,2.0,0.7115384615384616,1
2003,15,indianapolis,USA,2.0,4.5,1.0,5.333333333333333,3.0,3.0,2.0,0.75,1
2003,16,suzuka,Japan,1.0,7.5,1.0,3.3333333333333335,2.6666666666666665,3.0,3.0,0.5625,1
2004,1,albert_park,Australia,1.0,1.5,,,,,,0.75,1
2004,2,sepang,Malaysia,1.0,2.0,1.0,1.0,1.0,1.0,0.0,1.0,1
2004,3,bahrain,Bahrain,1.0,1.5,1.0,1.0,1.0,2.0,0.0,,1
2004,4,imola,Italy,2.0,3.0,1.0,1.0,1.0,3.0,0.0,0.5833333333333334,1
2004,5,catalunya,Spain,1.0,3.0,1.0,1.0,1.3333333333333333,4.0,0.0,0.7692307692307693,1
2004,6,monaco,Monaco,4.0,5.0,1.0,1.0,1.3333333333333333,5.0,0.0,0.6938775510204082,1
2004,7,nurburgring,Germany,1.0,4.0,3.0,1.6666666666666667,2.3333333333333335,5.0,1.0,0.7419354838709677,1
2004,8,villeneuve,Canada,6.0,6.5,1.0,1.6666666666666667,2.0,5.0,1.0,0.64,1
2004,9,indianapolis,USA,1.0,1.5,1.0,1.6666666666666667,3.6666666666666665,5.0,1.0,0.8,1
2004,10,magny_cours,France,2.0,6.0,1.0,1.0,2.6666666666666665,5.0,1.0,0.6153846153846154,1
2004,11,silverstone,UK,2.0,3.0,1.0,1.0,3.0,5.0,1.0,0.6388888888888888,1
2004,12,hockenheimring,Germany,1.0,4.0,1.0,1.0,1.6666666666666667,5.0,0.0,0.5185185185185185,1
2004,13,hungaroring,Hungary,1.0,1.5,1.0,1.0,1.6666666666666667,5.0,0.0,0.4444444444444444,1
2004,14,spa,Belgium,2.0,4.0,1.0,1.0,1.3333333333333333,5.0,0.0,0.5675675675675675,1
2004,15,monza,Italy,1.0,2.0,2.0,1.3333333333333333,1.3333333333333333,5.0,0.0,0.7169811320754716,1
2004,16,shanghai,China,1.0,10.5,1.0,1.3333333333333333,1.3333333333333333,5.0,0.0,,1
2004,17,suzuka,Japan,1.0,8.0,1.0,1.3333333333333333,1.3333333333333333,5.0,0.0,0.5882352941176471,1
2004,18,interlagos,Brazil,1.0,9.5,1.0,1.0,1.0,5.0,1.0,0.5714285714285714,1
2005,1,albert_park,Australia,11.0,15.0,,,,,,0.7777777777777778,1
2005,2,sepang,Malaysia,12.0,12.5,2.0,2.0,11.0,1.0,1.0,1.0,0
2005,3,bahrain,Bahrain,2.0,11.0,7.0,4.5,11.5,1.0,2.0,1.0,0
2005,4,imola,Italy,9.0,11.0,9.0,6.0,8.333333333333334,1.0,3.0,0.6,1
2005,5,catalunya,Spain,8.0,12.0,2.0,6.0,7.666666666666667,2.0,4.0,0.7857142857142857,0
2005,6,monaco,Monaco,8.0,9.0,9.0,6.666666666666667,6.333333333333333,2.0,5.0,0.7,0
2005,7,nurburgring,Germany,7.0,8.5,7.0,6.0,8.333333333333334,1.0,4.0,0.75,1
2005,8,villeneuve,Canada,2.0,11.0,3.0,6.333333333333333,7.666666666666667,2.0,3.0,0.6538461538461539,1
2005,9,indianapolis,USA,5.0,6.0,2.0,4.0,5.666666666666667,3.0,2.0,0.8333333333333334,1
2005,10,magny_cours,France,3.0,4.0,1.0,2.0,4.666666666666667,3.0,1.0,0.6428571428571429,1
2005,11,silverstone,UK,5.0,7.0,3.0,2.0,3.3333333333333335,4.0,0.0,0.6486486486486487,0
2005,12,hockenheimring,Germany,5.0,10.0,6.0,3.3333333333333335,4.333333333333333,4.0,0.0,0.5357142857142857,0
2005,13,hungaroring,Hungary,1.0,4.0,5.0,4.666666666666667,4.333333333333333,3.0,0.0,0.47368421052631576,1
2005,14,istanbul,Turkey,11.0,15.0,2.0,4.333333333333333,3.6666666666666665,3.0,0.0,,0
2005,15,monza,Italy,6.0,6.5,10.0,5.666666666666667,5.666666666666667,2.0,1.0,0.7222222222222222,0
2005,16,spa,Belgium,6.0,9.0,10.0,7.333333333333333,6.0,1.0,1.0,0.5789473684210527,0
2005,17,interlagos,Brazil,7.0,8.0,5.0,8.333333333333334,7.666666666666667,1.0,2.0,0.5909090909090909,0
2005,18,suzuka,Japan,9.0,11.5,4.0,6.333333333333333,6.333333333333333,1.0,2.0,0.6111111111111112,0
2005,19,shanghai,China,6.0,7.0,7.0,5.333333333333333,7.333333333333333,0.0,2.0,1.0,0
2006,1,bahrain,Bahrain,1.0,1.5,,,,,,0.5,1
2006,2,sepang,Malaysia,14.0,17.5,2.0,2.0,1.0,1.0,0.0,0.8571428571428571,0
2006,3,albert_park,Australia,10.0,12.5,5.0,3.5,7.5,1.0,0.0,0.8,0
2006,4,imola,Italy,1.0,2.5,17.0,8.0,8.333333333333334,1.0,2.0,0.6153846153846154,1
2006,5,nurburgring,Germany,2.0,2.5,1.0,7.666666666666667,8.333333333333334,2.0,2.0,0.7575757575757576,1
2006,6,catalunya,Spain,3.0,3.5,1.0,6.333333333333333,4.333333333333333,3.0,2.0,0.7333333333333333,1
2006,7,monaco,Monaco,21.0,21.5,2.0,1.3333333333333333,2.0,3.0,2.0,0.6862745098039216,0
2006,8,silverstone,UK,3.0,3.5,5.0,2.6666666666666665,8.666666666666666,3.0,2.0,0.631578947368421,1
2006,9,villeneuve,Canada,5.0,7.5,2.0,3.0,9.0,4.0,0.0,0.6666666666666666,1
2006,10,indianapolis,USA,1.0,1.5,2.0,3.0,9.666666666666666,4.0,0.0,0.8571428571428571,1
2006,11,magny_cours,France,1.0,1.5,1.0,1.6666666666666667,3.0,4.0,0.0,0.6666666666666666,1
2006,12,hockenheimring,Germany,2.0,2.5,1.0,1.3333333333333333,2.3333333333333335,4.0,0.0,0.5172413793103449,1
2006,13,hungaroring,Hungary,2.0,6.5,1.0,1.0,1.3333333333333333,5.0,0.0,0.5,0
2006,14,istanbul,Turkey,1.0,1.5,7.0,3.0,1.6666666666666667,4.0,1.0,0.0,1
2006,15,monza,Italy,2.0,3.0,1.0,3.0,1.6666666666666667,4.0,1.0,0.7090909090909091,1
2006,16,shanghai,China,6.0,13.0,1.0,3.0,1.6666666666666667,4.0,1.0,0.5,1
2006,17,suzuka,Japan,1.0,1.5,1.0,1.0,3.0,4.0,2.0,0.5789473684210527,1
2006,18,interlagos,Brazil,1.0,5.5,2.0,1.3333333333333333,3.0,4.0,3.0,0.5652173913043478,1
2007,1,albert_park,Australia,1.0,11.5,,,,,,0.7272727272727273,1
2007,2,sepang,Malaysia,1.0,2.0,1.0,1.0,1.0,1.0,0.0,0.75,1
2007,3,bahrain,Bahrain,1.0,2.0,3.0,2.0,1.0,2.0,0.0,0.6666666666666666,1
2007,4,catalunya,Spain,1.0,2.0,1.0,1.6666666666666667,1.0,3.0,0.0,0.75,1
2007,5,monaco,Monaco,3.0,9.5,1.0,1.6666666666666667,1.0,4.0,1.0,0.6730769230769231,1
2007,6,villeneuve,Canada,4.0,4.5,3.0,1.6666666666666667,1.6666666666666667,5.0,1.0,0.6785714285714286,0
2007,7,indianapolis,USA,3.0,3.5,5.0,3.0,2.6666666666666665,4.0,2.0,0.875,1
2007,8,magny_cours,France,1.0,2.0,3.0,3.6666666666666665,3.3333333333333335,4.0,2.0,0.6875,1
2007,9,silverstone,UK,2.0,3.0,1.0,3.0,2.6666666666666665,4.0,2.0,0.6410256410256411,1
2007,10,nurburgring,Germany,1.0,2.0,1.0,1.6666666666666667,2.0,4.0,1.0,0.7647058823529411,1
2007,11,hungaroring,Hungary,3.0,8.5,2.0,1.3333333333333333,1.3333333333333333,4.0,2.0,0.47619047619047616,1
2007,12,istanbul,Turkey,1.0,2.0,2.0,1.6666666666666667,2.0,5.0,1.0,0.5,1
2007,13,monza,Italy,3.0,4.0,1.0,1.6666666666666667,1.6666666666666667,5.0,1.0,0.7142857142857143,1
2007,14,spa,Belgium,1.0,1.5,3.0,2.0,2.3333333333333335,5.0,2.0,0.5641025641025641,1
2007,15,fuji,Japan,3.0,3.5,1.0,1.6666666666666667,1.6666666666666667,5.0,2.0,0.5,1
2007,16,shanghai,China,2.0,2.5,3.0,2.3333333333333335,2.3333333333333335,5.0,1.0,0.6666666666666666,1
2007,17,interlagos,Brazil,1.0,2.0,1.0,1.6666666666666667,2.0,5.0,1.0,0.5833333333333334,1
2008,1,albert_park,Australia,4.0,9.5,,,,,,0.75,0
2008,2,sepang,Malaysia,1.0,1.5,8.0,8.0,4.0,0.0,2.0,0.7777777777777778,1
2008,3,bahrain,Bahrain,2.0,3.0,1.0,4.5,2.5,1.0,3.0,0.75,1
2008,4,catalunya,Spain,1.0,2.0,1.0,3.3333333333333335,2.3333333333333335,2.0,3.0,0.7647058823529411,1
2008,5,istanbul,Turkey,1.0,2.5,1.0,1.0,1.3333333333333333,3.0,3.0,0.6666666666666666,1
2008,6,monaco,Monaco,1.0,1.5,1.0,1.0,1.3333333333333333,4.0,3.0,0.6792452830188679,1
2008,7,villeneuve,Canada,3.0,4.5,3.0,1.6666666666666667,1.0,5.0,1.0,0.6551724137931034,0
2008,8,magny_cours,France,1.0,1.5,5.0,3.0,1.6666666666666667,4.0,1.0,0.7058823529411765,1
2008,9,silverstone,UK,3.0,6.0,1.0,3.0,1.6666666666666667,4.0,1.0,0.65,0
2008,10,hockenheimring,Germany,2.0,4.0,4.0,3.3333333333333335,2.3333333333333335,3.0,1.0,0.5333333333333333,1
2008,11,hungaroring,Hungary,3.0,4.5,3.0,2.6666666666666665,2.0,3.0,1.0,0.5,1
2008,12,valencia,Spain,1.0,2.5,3.0,3.3333333333333335,2.6666666666666665,3.0,2.0,,1
2008,13,spa,Belgium,2.0,3.0,1.0,2.3333333333333335,2.0,4.0,2.0,0.575,1
2008,14,monza,Italy,6.0,10.0,1.0,1.6666666666666667,2.0,4.0,3.0,0.7192982456140351,0
2008,15,marina_bay,Singapore,1.0,2.0,6.0,2.6666666666666665,3.0,4.0,3.0,,0
2008,16,fuji,Japan,2.0,3.5,13.0,6.666666666666667,3.0,3.0,4.0,0.6666666666666666,1
2008,17,shanghai,China,2.0,2.5,3.0,7.333333333333333,3.0,3.0,3.0,0.75,1
2008,18,interlagos,Brazil,1.0,2.0,2.0,6.0,1.6666666666666667,3.0,2.0,0.6,1
2009,1,albert_park,Australia,6.0,6.5,,,,,,0.6923076923076923,0
2009,2,sepang,Malaysia,7.0,11.5,15.0,15.0,6.0,0.0,2.0,0.8,0
2009,3,shanghai,China,8.0,10.5,9.0,12.0,6.5,0.0,2.0,0.8,0
2009,4,bahrain,Bahrain,8.0,9.0,10.0,11.333333333333334,7.0,0.0,3.0,0.8,0
2009,5,catalunya,Spain,4.0,10.0,6.0,8.333333333333334,7.666666666666667,0.0,3.0,0.7777777777777778,0
2009,6,monaco,Monaco,2.0,3.5,6.0,7.333333333333333,6.666666666666667,0.0,4.0,0.6851851851851852,1
2009,7,istanbul,Turkey,6.0,6.5,3.0,5.0,4.666666666666667,1.0,2.0,0.75,0
2009,8,silverstone,UK,9.0,10.0,6.0,5.0,4.0,1.0,2.0,0.6341463414634146,0
2009,9,nurburgring,Germany,8.0,8.5,4.0,4.333333333333333,5.666666666666667,1.0,1.0,0.7714285714285715,1
2009,10,hungaroring,Hungary,7.0,7.0,3.0,4.333333333333333,7.666666666666667,2.0,2.0,0.5217391304347826,1
2009,11,valencia,Spain,6.0,13.0,2.0,3.0,8.0,3.0,2.0,1.0,1
2009,12,spa,Belgium,6.0,13.0,3.0,2.6666666666666665,7.0,3.0,2.0,0.5853658536585366,1
2009,13,monza,Italy,3.0,8.5,1.0,2.0,6.333333333333333,4.0,2.0,0.7068965517241379,1
2009,14,marina_bay,Singapore,12.0,14.5,3.0,2.3333333333333335,5.0,5.0,2.0,0.0,0
2009,15,suzuka,Japan,5.0,9.5,10.0,4.666666666666667,7.0,4.0,1.0,0.6,0
2009,16,interlagos,Brazil,5.0,12.0,4.0,5.666666666666667,6.666666666666667,3.0,0.0,0.6153846153846154,0
2009,17,yas_marina,UAE,11.0,15.5,6.0,6.666666666666667,7.333333333333333,2.0,0.0,,0
2010,1,bahrain,Bahrain,2.0,2.5,,,,,,0.6666666666666666,1
2010,2,albert_park,Australia,3.0,4.0,1.0,1.0,2.0,1.0,0.0,0.6428571428571429,1
2010,3,sepang,Malaysia,19.0,20.0,3.0,2.0,2.5,2.0,0.0,0.7272727272727273,0
2010,4,shanghai,China,3.0,5.0,7.0,3.6666666666666665,8.0,2.0,1.0,0.6666666666666666,0
2010,5,catalunya,Spain,4.0,6.5,4.0,4.666666666666667,8.333333333333334,2.0,1.0,0.7368421052631579,1
2010,6,monaco,Monaco,4.0,14.0,2.0,4.333333333333333,8.666666666666666,3.0,1.0,0.6909090909090909,0
2010,7,istanbul,Turkey,8.0,10.0,4.0,3.3333333333333335,3.6666666666666665,2.0,1.0,0.6,0
2010,8,villeneuve,Canada,3.0,4.5,7.0,4.333333333333333,5.333333333333333,1.0,1.0,0.6333333333333333,1
2010,9,valencia,Spain,4.0,4.5,3.0,4.666666666666667,5.0,2.0,0.0,1.0,0
2010,10,silverstone,UK,3.0,5.0,8.0,6.0,5.0,2.0,0.0,0.6190476190476191,0
2010,11,hockenheimring,Germany,2.0,2.5,14.0,8.333333333333334,3.3333333333333335,1.0,0.0,0.5483870967741935,1
2010,12,hungaroring,Hungary,3.0,3.5,1.0,7.666666666666667,3.0,2.0,0.0,0.5416666666666666,1
2010,13,spa,Belgium,6.0,8.0,2.0,5.666666666666667,2.6666666666666665,3.0,0.0,0.5952380952380952,0
2010,14,monza,Italy,1.0,2.0,4.0,2.3333333333333335,3.6666666666666665,2.0,1.0,0.711864406779661,1
2010,15,marina_bay,Singapore,1.0,12.5,1.0,2.3333333333333335,3.3333333333333335,3.0,1.0,0.0,1
2010,16,suzuka,Japan,4.0,8.0,1.0,2.0,2.6666666666666665,4.0,1.0,0.5714285714285714,1
2010,17,yeongam,Korea,3.0,4.5,3.0,1.6666666666666667,2.0,4.0,2.0,,1
2010,18,interlagos,Brazil,5.0,7.0,1.0,1.6666666666666667,2.6666666666666665,4.0,2.0,0.5925925925925926,1
2010,19,yas_marina,UAE,3.0,4.5,3.0,2.3333333333333335,4.0,5.0,1.0,0.0,0
2011,1,albert_park,Australia,5.0,6.5,,,,,,0.6666666666666666,0
2011,2,sepang,Malaysia,5.0,6.0,4.0,4.0,5.0,0.0,0.0,0.6666666666666666,0
2011,3,shanghai,China,5.0,5.5,5.0,4.5,5.0,0.0,0.0,0.5714285714285714,0
2011,4,istanbul,Turkey,5.0,7.5,6.0,5.0,5.0,0.0,0.0,0.5,1
2011,5,catalunya,Spain,4.0,6.0,3.0,4.666666666666667,5.0,1.0,0.0,0.75,0
2011,6,monaco,Monaco,4.0,5.0,5.0,4.666666666666667,4.666666666666667,1.0,1.0,0.6785714285714286,1
2011,7,villeneuve,Canada,2.0,2.5,2.0,3.3333333333333335,4.333333333333333,2.0,2.0,0.6451612903225806,0
2011,8,valencia,Spain,4.0,4.5,6.0,4.333333333333333,3.3333333333333335,2.0,3.0,0.6666666666666666,1
2011,9,silverstone,UK,3.0,3.5,2.0,3.3333333333333335,3.3333333333333335,3.0,3.0,0.6046511627906976,1
2011,10,nurburgring,Germany,4.0,4.5,1.0,3.0,3.0,3.0,3.0,0.7777777777777778,1
2011,11,hungaroring,Hungary,4.0,4.5,2.0,1.6666666666666667,3.6666666666666665,4.0,2.0,0.56,1
2011,12,spa,Belgium,4.0,6.0,3.0,2.0,3.6666666666666665,4.0,1.0,0.5813953488372093,0
2011,13,monza,Italy,4.0,5.0,4.0,3.0,4.0,4.0,0.0,0.7166666666666667,1
2011,14,marina_bay,Singapore,5.0,5.5,3.0,3.3333333333333335,4.0,4.0,0.0,0.3333333333333333,0
2011,15,suzuka,Japan,4.0,4.5,4.0,3.6666666666666665,4.333333333333333,3.0,0.0,0.5909090909090909,1
2011,16,yeongam,Korea,5.0,5.5,2.0,3.0,4.333333333333333,3.0,0.0,1.0,0
2011,17,buddh,India,3.0,4.5,5.0,3.6666666666666665,4.666666666666667,2.0,0.0,,1
2011,18,yas_marina,UAE,5.0,5.5,3.0,3.3333333333333335,4.0,3.0,1.0,0.0,1
2011,19,interlagos,Brazil,5.0,6.0,2.0,3.3333333333333335,4.333333333333333,3.0,1.0,0.6071428571428571,0
2012,1,albert_park,Australia,12.0,14.0,,,,,,0.625,0
2012,2,sepang,Malaysia,8.0,10.0,5.0,5.0,12.0,0.0,1.0,0.6153846153846154,1
2012,3,shanghai,China,9.0,10.5,1.0,3.0,10.0,1.0,1.0,0.5,0
2012,4,bahrain,Bahrain,9.0,11.5,9.0,5.0,9.666666666666666,1.0,1.0,0.7142857142857143,0
2012,5,catalunya,Spain,2.0,9.0,7.0,5.666666666666667,8.666666666666666,1.0,1.0,0.7142857142857143,1
2012,6,monaco,Monaco,5.0,6.0,2.0,6.0,6.666666666666667,2.0,1.0,0.6842105263157895,1
2012,7,villeneuve,Canada,3.0,4.5,3.0,4.0,5.333333333333333,3.0,0.0,0.625,0
2012,8,valencia,Spain,11.0,12.0,5.0,3.3333333333333335,3.3333333333333335,2.0,0.0,0.75,1
2012,9,silverstone,UK,1.0,3.0,1.0,3.0,6.333333333333333,3.0,0.0,0.6136363636363636,1
2012,10,hockenheimring,Germany,1.0,7.0,2.0,2.6666666666666665,5.0,4.0,0.0,0.5625,1
2012,11,hungaroring,Hungary,6.0,6.5,1.0,1.3333333333333333,4.333333333333333,4.0,0.0,0.5769230769230769,0
2012,12,spa,Belgium,5.0,9.5,5.0,2.6666666666666665,2.6666666666666665,3.0,0.0,0.5681818181818182,0
2012,13,monza,Italy,3.0,6.5,5.0,3.6666666666666665,4.0,3.0,1.0,0.7213114754098361,1
2012,14,marina_bay,Singapore,5.0,9.0,3.0,4.333333333333333,4.666666666666667,3.0,1.0,0.25,1
2012,15,suzuka,Japan,6.0,8.0,3.0,3.6666666666666665,4.333333333333333,3.0,1.0,0.6086956521739131,1
2012,16,yeongam,Korea,4.0,5.0,2.0,2.6666666666666665,4.666666666666667,3.0,2.0,0.5,1
2012,17,buddh,India,5.0,5.5,3.0,2.6666666666666665,5.0,4.0,2.0,1.0,1
2012,18,yas_marina,UAE,6.0,7.0,2.0,2.3333333333333335,5.0,5.0,1.0,0.3333333333333333,1
2012,19,americas,USA,7.0,9.0,2.0,2.3333333333333335,5.0,5.0,1.0,,1
2012,20,interlagos,Brazil,5.0,6.0,3.0,2.3333333333333335,6.0,5.0,1.0,0.5862068965517241,1
2013,1,albert_park,Australia,4.0,4.5,,,,,,0.5882352941176471,1
2013,2,sepang,Malaysia,2.0,2.5,2.0,2.0,4.0,1.0,0.0,0.6428571428571429,0
2013,3,shanghai,China,3.0,4.0,5.0,3.5,3.0,1.0,1.0,0.4444444444444444,1
2013,4,bahrain,Bahrain,3.0,3.5,1.0,2.6666666666666665,3.0,2.0,1.0,0.625,0
2013,5,catalunya,Spain,5.0,7.0,8.0,4.666666666666667,2.6666666666666665,2.0,1.0,0.7272727272727273,1
2013,6,monaco,Monaco,6.0,13.5,1.0,3.3333333333333335,3.6666666666666665,3.0,1.0,0.6896551724137931,0
2013,7,villeneuve,Canada,6.0,11.0,7.0,5.333333333333333,4.666666666666667,2.0,2.0,0.6060606060606061,1
2013,8,silverstone,UK,9.0,10.0,2.0,3.3333333333333335,5.666666666666667,3.0,1.0,0.6222222222222222,1
2013,9,nurburgring,Germany,7.0,7.5,3.0,4.0,7.0,3.0,1.0,0.7837837837837838,0
2013,10,hungaroring,Hungary,5.0,6.0,4.0,3.0,7.333333333333333,3.0,2.0,0.5555555555555556,0
2013,11,spa,Belgium,9.0,9.5,5.0,4.0,7.0,2.0,2.0,0.5555555555555556,1
2013,12,monza,Italy,4.0,4.5,2.0,3.6666666666666665,7.0,3.0,1.0,0.7258064516129032,1
2013,13,marina_bay,Singapore,6.0,6.5,2.0,3.0,6.0,3.0,1.0,0.4,1
2013,14,yeongam,Korea,5.0,5.5,2.0,2.0,6.333333333333333,3.0,1.0,0.6666666666666666,0
2013,15,suzuka,Japan,5.0,6.5,6.0,3.3333333333333335,5.0,3.0,0.0,0.625,0
2013,16,buddh,India,5.0,6.5,4.0,4.0,5.333333333333333,3.0,0.0,1.0,0
2013,17,yas_marina,UAE,7.0,8.5,4.0,4.666666666666667,5.0,2.0,0.0,0.5,0
2013,18,americas,USA,6.0,9.5,5.0,4.333333333333333,5.666666666666667,1.0,0.0,1.0,0
2013,19,interlagos,Brazil,3.0,6.0,5.0,4.666666666666667,6.0,0.0,0.0,0.6,1
2014,1,albert_park,Australia,5.0,8.0,,,,,,0.6111111111111112,0
2014,2,sepang,Malaysia,4.0,5.0,4.0,4.0,5.0,0.0,0.0,0.6,0
2014,3,bahrain,Bahrain,5.0,7.0,4.0,4.0,4.5,0.0,0.0,0.5555555555555556,0
2014,4,shanghai,China,5.0,8.0,9.0,5.666666666666667,4.666666666666667,0.0,0.0,0.5,1
2014,5,catalunya,Spain,6.0,6.5,3.0,5.333333333333333,4.666666666666667,1.0,0.0,0.7391304347826086,0
2014,6,monaco,Monaco,5.0,5.5,6.0,6.0,5.333333333333333,1.0,0.0,0.6779661016949152,0
2014,7,villeneuve,Canada,7.0,8.5,4.0,4.333333333333333,5.333333333333333,1.0,0.0,0.6176470588235294,0
2014,8,red_bull_ring,Austria,4.0,6.0,6.0,5.333333333333333,6.0,1.0,0.0,0.5833333333333334,0
2014,9,silverstone,UK,16.0,17.0,5.0,5.0,5.333333333333333,1.0,0.0,0.6304347826086957,0
2014,10,hockenheimring,Germany,7.0,9.5,6.0,5.666666666666667,9.0,0.0,1.0,0.5757575757575758,0
2014,11,hungaroring,Hungary,5.0,10.5,5.0,5.333333333333333,9.0,0.0,1.0,0.5357142857142857,1
2014,12,spa,Belgium,4.0,6.0,2.0,4.333333333333333,9.333333333333334,1.0,1.0,0.5652173913043478,0
2014,13,monza,Italy,7.0,9.0,4.0,3.6666666666666665,5.333333333333333,1.0,1.0,0.7301587301587301,0
2014,14,marina_bay,Singapore,5.0,6.0,9.0,5.0,5.333333333333333,1.0,2.0,0.5,0
2014,15,suzuka,Japan,5.0,7.5,4.0,5.666666666666667,5.333333333333333,1.0,1.0,0.6,0
2014,16,sochi,Russia,7.0,7.5,12.0,8.333333333333334,5.666666666666667,1.0,2.0,,0
2014,17,americas,USA,6.0,7.0,6.0,7.333333333333333,5.666666666666667,0.0,2.0,0.5,0
2014,18,interlagos,Brazil,8.0,9.0,6.0,8.0,6.0,0.0,2.0,0.6129032258064516,0
2014,19,yas_marina,UAE,7.0,7.5,6.0,6.0,7.0,0.0,1.0,0.4,0
2015,1,albert_park,Australia,4.0,4.5,,,,,,0.5789473684210527,1
2015,2,sepang,Malaysia,2.0,6.5,3.0,3.0,4.0,1.0,1.0,0.5625,1
2015,3,shanghai,China,3.0,4.5,1.0,2.0,3.0,2.0,1.0,0.5454545454545454,1
2015,4,bahrain,Bahrain,2.0,3.0,3.0,2.3333333333333335,3.0,3.0,1.0,0.5,1
2015,5,catalunya,Spain,3.0,5.0,2.0,2.0,2.3333333333333335,4.0,1.0,0.7083333333333334,1
2015,6,monaco,Monaco,3.0,4.5,3.0,2.6666666666666665,2.6666666666666665,5.0,1.0,0.6666666666666666,1
2015,7,villeneuve,Canada,3.0,10.5,2.0,2.3333333333333335,2.6666666666666665,5.0,0.0,0.6,0
2015,8,red_bull_ring,Austria,3.0,8.5,4.0,3.0,3.0,4.0,0.0,0.56,0
2015,9,silverstone,UK,5.0,5.5,4.0,3.3333333333333335,3.0,3.0,1.0,0.6170212765957447,1
2015,10,hungaroring,Hungary,3.0,4.0,3.0,3.6666666666666665,3.6666666666666665,3.0,1.0,0.5517241379310345,1
2015,11,spa,Belgium,8.0,12.0,1.0,2.6666666666666665,3.6666666666666665,3.0,2.0,0.5531914893617021,0
2015,12,monza,Italy,2.0,2.5,7.0,3.6666666666666665,5.333333333333333,2.0,3.0,0.71875,1
2015,13,marina_bay,Singapore,1.0,2.0,2.0,3.3333333333333335,4.333333333333333,3.0,3.0,0.42857142857142855,1
2015,14,suzuka,Japan,4.0,5.0,1.0,3.3333333333333335,3.6666666666666665,4.0,2.0,0.5769230769230769,1
2015,15,sochi,Russia,4.0,4.5,3.0,2.0,2.3333333333333335,4.0,2.0,0.0,1
2015,16,americas,USA,13.0,15.5,2.0,2.0,3.0,4.0,1.0,0.3333333333333333,1
2015,17,rodriguez,Mexico,3.0,11.0,3.0,2.6666666666666665,7.0,5.0,1.0,0.2857142857142857,0
2015,18,interlagos,Brazil,3.0,3.5,18.0,7.666666666666667,6.666666666666667,4.0,3.0,0.59375,1
2015,19,yas_marina,UAE,3.0,9.0,3.0,8.0,6.333333333333333,4.0,3.0,0.3333333333333333,1
2016,1,albert_park,Australia,3.0,3.5,,,,,,0.6,1
2016,2,bahrain,Bahrain,3.0,3.5,3.0,3.0,3.0,1.0,1.0,0.5454545454545454,1
2016,3,shanghai,China,3.0,3.5,2.0,2.5,3.0,2.0,2.0,0.5833333333333334,1
2016,4,sochi,Russia,3.0,5.0,2.0,2.3333333333333335,3.0,3.0,2.0,0.5,1
2016,5,catalunya,Spain,5.0,5.5,3.0,2.3333333333333335,3.0,4.0,3.0,0.72,1
2016,6,monaco,Monaco,4.0,7.5,2.0,2.3333333333333335,3.6666666666666665,5.0,3.0,0.6721311475409836,0
2016,7,villeneuve,Canada,3.0,4.5,4.0,3.0,4.0,4.0,3.0,0.5833333333333334,1
2016,8,baku,Azerbaijan,3.0,3.5,2.0,2.6666666666666665,4.0,4.0,2.0,,1
2016,9,red_bull_ring,Austria,4.0,6.5,2.0,2.6666666666666665,3.3333333333333335,4.0,2.0,0.5384615384615384,1
2016,10,silverstone,UK,5.0,8.0,3.0,2.3333333333333335,3.3333333333333335,4.0,2.0,0.625,0
2016,11,hungaroring,Hungary,5.0,9.5,5.0,3.3333333333333335,4.0,3.0,2.0,0.5666666666666667,0
2016,12,hockenheimring,Germany,5.0,5.5,4.0,4.0,4.666666666666667,3.0,1.0,0.5588235294117647,0
2016,13,spa,Belgium,3.0,3.5,5.0,4.666666666666667,5.0,2.0,1.0,0.5416666666666666,0
2016,14,monza,Italy,3.0,3.5,6.0,5.0,4.333333333333333,1.0,1.0,0.7230769230769231,1
2016,15,marina_bay,Singapore,5.0,13.5,3.0,4.666666666666667,3.6666666666666665,1.0,0.0,0.5,0
2016,16,sepang,Malaysia,5.0,5.5,4.0,4.333333333333333,3.6666666666666665,1.0,0.0,0.5882352941176471,0
2016,17,suzuka,Japan,6.0,7.0,4.0,3.6666666666666665,4.333333333333333,1.0,1.0,0.5925925925925926,0
2016,18,americas,USA,5.0,5.5,4.0,4.0,5.333333333333333,1.0,1.0,0.5,0
2016,19,rodriguez,Mexico,6.0,6.5,4.0,4.0,5.333333333333333,1.0,2.0,0.26666666666666666,0
2016,20,interlagos,Brazil,3.0,4.0,5.0,4.333333333333333,5.666666666666667,0.0,2.0,0.6060606060606061,0
2016,21,yas_marina,UAE,4.0,4.5,5.0,4.666666666666667,4.666666666666667,0.0,3.0,0.42857142857142855,1
2017,1,albert_park,Australia,2.0,3.0,,,,,,0.6190476190476191,1
2017,2,shanghai,China,2.0,3.0,1.0,1.0,2.0,1.0,0.0,0.6153846153846154,1
2017,3,bahrain,Bahrain,3.0,4.0,2.0,1.5,2.0,2.0,0.0,0.5833333333333334,1
2017,4,sochi,Russia,1.0,1.5,1.0,1.3333333333333333,2.3333333333333335,3.0,0.0,0.6666666666666666,1
2017,5,catalunya,Spain,2.0,3.0,2.0,1.6666666666666667,2.0,4.0,0.0,0.7307692307692307,1
2017,6,monaco,Monaco,1.0,1.5,2.0,1.6666666666666667,2.0,5.0,1.0,0.6612903225806451,1
2017,7,villeneuve,Canada,2.0,3.0,1.0,1.6666666666666667,1.3333333333333333,5.0,1.0,0.5945945945945946,0
2017,8,baku,Azerbaijan,3.0,3.5,4.0,2.3333333333333335,1.6666666666666667,4.0,1.0,1.0,0
2017,9,red_bull_ring,Austria,2.0,2.5,4.0,3.0,2.0,3.0,2.0,0.5555555555555556,1
2017,10,silverstone,UK,2.0,2.5,2.0,3.3333333333333335,2.3333333333333335,3.0,2.0,0.6122448979591837,1
2017,11,hungaroring,Hungary,1.0,1.5,3.0,3.0,2.3333333333333335,3.0,1.0,0.5483870967741935,1
2017,12,spa,Belgium,2.0,3.0,1.0,2.0,1.6666666666666667,3.0,1.0,0.5306122448979592,1
2017,13,monza,Italy,5.0,5.5,2.0,2.0,1.6666666666666667,4.0,1.0,0.7272727272727273,1
2017,14,marina_bay,Singapore,1.0,2.5,3.0,2.0,2.6666666666666665,5.0,0.0,0.4444444444444444,0
2017,15,sepang,Malaysia,20.0,20.0,18.0,7.666666666666667,2.6666666666666665,4.0,2.0,0.5555555555555556,0
2017,16,suzuka,Japan,2.0,6.0,4.0,8.333333333333334,8.666666666666666,3.0,3.0,0.5714285714285714,0
2017,17,americas,USA,2.0,3.5,5.0,9.0,7.666666666666667,2.0,4.0,0.4,1
2017,18,rodriguez,Mexico,1.0,3.0,2.0,3.6666666666666665,8.0,2.0,4.0,0.25,1
2017,19,interlagos,Brazil,2.0,2.5,3.0,3.3333333333333335,1.6666666666666667,2.0,4.0,0.5882352941176471,1
2017,20,yas_marina,UAE,3.0,4.0,1.0,2.0,1.6666666666666667,3.0,2.0,0.5,1
2018,1,albert_park,Australia,2.0,2.5,,,,,,0.6363636363636364,1
2018,2,bahrain,Bahrain,1.0,1.5,1.0,1.0,2.0,1.0,0.0,0.6153846153846154,1
2018,3,shanghai,China,1.0,1.5,1.0,1.0,1.5,2.0,1.0,0.6428571428571429,1
2018,4,baku,Azerbaijan,1.0,3.5,3.0,1.6666666666666667,1.3333333333333333,3.0,1.0,0.5,1
2018,5,catalunya,Spain,3.0,3.5,2.0,2.0,1.0,4.0,1.0,0.7407407407407407,0
2018,6,monaco,Monaco,2.0,3.0,4.0,3.0,1.6666666666666667,4.0,2.0,0.6666666666666666,1
2018,7,villeneuve,Canada,1.0,3.0,2.0,2.6666666666666665,2.0,4.0,2.0,0.5789473684210527,1
2018,8,ricard,France,3.0,4.5,1.0,2.3333333333333335,2.0,4.0,1.0,0.35714285714285715,1
2018,9,red_bull_ring,Austria,3.0,4.5,3.0,2.0,2.0,4.0,1.0,0.5714285714285714,1
2018,10,silverstone,UK,2.0,2.5,2.0,2.0,2.3333333333333335,4.0,1.0,0.62,1
2018,11,hockenheimring,Germany,1.0,2.0,1.0,2.0,2.6666666666666665,5.0,0.0,0.5428571428571428,1
2018,12,hungaroring,Hungary,3.0,3.5,3.0,2.0,2.0,5.0,1.0,0.5625,1
2018,13,spa,Belgium,2.0,4.0,2.0,2.0,2.0,5.0,1.0,0.54,1
2018,14,monza,Italy,1.0,1.5,1.0,2.0,2.0,5.0,2.0,0.7313432835820896,1
2018,15,marina_bay,Singapore,3.0,4.0,2.0,1.6666666666666667,2.0,5.0,2.0,0.4,1
2018,16,sochi,Russia,3.0,3.5,3.0,2.0,2.0,5.0,2.0,0.75,1
2018,17,suzuka,Japan,4.0,6.0,3.0,2.6666666666666665,2.3333333333333335,5.0,1.0,0.5517241379310345,0
2018,18,americas,USA,2.0,3.5,5.0,3.6666666666666665,3.3333333333333335,4.0,1.0,0.5,1
2018,19,rodriguez,Mexico,4.0,5.0,1.0,3.0,3.0,4.0,0.0,0.29411764705882354,1
2018,20,interlagos,Brazil,2.0,3.0,2.0,2.6666666666666665,3.3333333333333335,4.0,0.0,0.6,1
2018,21,yas_marina,UAE,3.0,3.5,3.0,2.0,2.6666666666666665,4.0,0.0,0.5555555555555556,1
2019,1,albert_park,Australia,3.0,4.0,,,,,,0.6521739130434783,0
2019,2,bahrain,Bahrain,1.0,1.5,4.0,4.0,3.0,0.0,0.0,0.6428571428571429,1
2019,3,shanghai,China,3.0,3.5,3.0,3.5,2.0,1.0,0.0,0.6666666666666666,1
2019,4,baku,Azerbaijan,3.0,5.5,3.0,3.3333333333333335,2.3333333333333335,2.0,0.0,0.6666666666666666,1
2019,5,catalunya,Spain,3.0,4.0,3.0,3.0,2.3333333333333335,3.0,0.0,0.7142857142857143,0
2019,6,monaco,Monaco,4.0,9.5,4.0,3.3333333333333335,3.0,3.0,0.0,0.671875,1
2019,7,villeneuve,Canada,1.0,2.0,2.0,3.0,3.3333333333333335,4.0,1.0,0.5897435897435898,1
2019,8,ricard,France,3.0,5.0,2.0,2.6666666666666665,2.6666666666666665,4.0,1.0,0.4,1
2019,9,red_bull_ring,Austria,1.0,5.0,3.0,2.3333333333333335,2.6666666666666665,4.0,1.0,0.5862068965517241,1
2019,10,silverstone,UK,3.0,4.5,2.0,2.3333333333333335,1.6666666666666667,4.0,1.0,0.6274509803921569,1
2019,11,hockenheimring,Germany,10.0,15.0,3.0,2.6666666666666665,2.3333333333333335,5.0,1.0,0.5555555555555556,1
2019,12,hungaroring,Hungary,4.0,4.5,2.0,2.3333333333333335,4.666666666666667,5.0,1.0,0.5757575757575758,1
2019,13,spa,Belgium,1.0,1.5,3.0,2.6666666666666665,5.666666666666667,5.0,1.0,0.5490196078431373,1
2019,14,monza,Italy,1.0,2.5,1.0,2.0,5.0,5.0,1.0,0.7352941176470589,1
2019,15,marina_bay,Singapore,1.0,2.0,1.0,1.6666666666666667,2.0,5.0,1.0,0.45454545454545453,1
2019,16,sochi,Russia,1.0,2.0,1.0,1.0,1.0,5.0,1.0,0.8,1
2019,17,suzuka,Japan,1.0,1.5,3.0,1.6666666666666667,1.0,5.0,1.0,0.5333333333333333,1
2019,18,rodriguez,Mexico,1.0,1.5,2.0,2.0,1.0,5.0,1.0,0.3333333333333333,1
2019,19,americas,USA,2.0,3.0,2.0,2.3333333333333335,1.0,5.0,1.0,0.5714285714285714,0
2019,20,interlagos,Brazil,2.0,8.0,4.0,2.6666666666666665,1.3333333333333333,4.0,2.0,0.6111111111111112,0
2019,21,yas_marina,UAE,3.0,3.5,17.0,7.666666666666667,1.6666666666666667,3.0,4.0,0.6,1
2020,1,red_bull_ring,Austria,7.0,9.0,,,,,,0.6,1
2020,2,red_bull_ring,Austria,10.0,12.0,2.0,2.0,7.0,1.0,0.0,0.6129032258064516,0
2020,3,hungaroring,Hungary,5.0,5.5,19.0,10.5,8.5,1.0,2.0,0.5882352941176471,0
2020,4,silverstone,UK,4.0,7.0,6.0,9.0,7.333333333333333,1.0,2.0,0.6346153846153846,1
2020,5,silverstone,UK,8.0,9.5,3.0,9.333333333333334,6.333333333333333,2.0,2.0,0.6415094339622641,0
2020,6,catalunya,Spain,9.0,10.0,4.0,4.333333333333333,5.666666666666667,2.0,2.0,0.6896551724137931,0
2020,7,spa,Belgium,13.0,13.5,7.0,4.666666666666667,7.0,1.0,3.0,0.5576923076923077,0
2020,8,monza,Italy,13.0,15.0,13.0,8.0,10.0,1.0,1.0,0.7391304347826086,0
2020,9,mugello,Italy,5.0,9.5,18.0,12.666666666666666,11.666666666666666,1.0,3.0,,0
2020,10,sochi,Russia,10.0,12.0,8.0,13.0,10.333333333333334,0.0,3.0,0.8333333333333334,0
2020,11,nurburgring,Germany,4.0,7.5,6.0,10.666666666666666,9.333333333333334,0.0,3.0,0.7631578947368421,0
2020,12,portimao,Portugal,4.0,9.5,7.0,7.0,6.333333333333333,0.0,2.0,,0
2020,13,imola,Italy,7.0,10.5,4.0,5.666666666666667,6.0,0.0,2.0,0.6296296296296297,0
2020,14,istanbul,Turkey,11.0,11.5,5.0,5.333333333333333,5.0,0.0,0.0,0.5714285714285714,1
2020,15,bahrain,Bahrain,11.0,11.5,3.0,4.0,7.333333333333333,1.0,0.0,0.6666666666666666,0
2020,16,bahrain,Bahrain,4.0,8.5,10.0,6.0,9.666666666666666,1.0,0.0,0.625,0
2020,17,yas_marina,UAE,12.0,12.5,12.0,8.333333333333334,8.666666666666666,1.0,1.0,0.6363636363636364,0
2021,1,bahrain,Bahrain,4.0,6.0,,,,,,0.5882352941176471,0
2021,2,imola,Italy,4.0,7.5,6.0,6.0,4.0,0.0,0.0,0.6071428571428571,0
2021,3,portimao,Portugal,5.0,6.5,4.0,5.0,4.0,0.0,0.0,0.0,0
2021,4,catalunya,Spain,4.0,5.0,6.0,5.333333333333333,4.333333333333333,0.0,0.0,0.6666666666666666,0
2021,5,monaco,Monaco,1.0,2.5,4.0,4.666666666666667,4.333333333333333,0.0,0.0,0.676923076923077,1
2021,6,baku,Azerbaijan,1.0,3.0,2.0,4.0,3.3333333333333335,1.0,1.0,0.75,0
2021,7,ricard,France,5.0,6.0,4.0,3.3333333333333335,2.0,1.0,1.0,0.4375,0
2021,8,red_bull_ring,Austria,7.0,9.5,11.0,5.666666666666667,2.3333333333333335,1.0,1.0,0.59375,0
2021,9,red_bull_ring,Austria,10.0,11.0,6.0,7.0,4.333333333333333,1.0,1.0,0.5757575757575758,0
2021,10,silverstone,UK,4.0,7.0,5.0,7.333333333333333,7.333333333333333,1.0,1.0,0.6296296296296297,1
2021,11,hungaroring,Hungary,7.0,11.0,2.0,4.333333333333333,7.0,1.0,0.0,0.5714285714285714,1
2021,12,spa,Belgium,9.0,10.0,3.0,3.3333333333333335,7.0,2.0,1.0,0.5471698113207547,0
2021,13,zandvoort,Netherlands,5.0,5.5,8.0,4.333333333333333,6.666666666666667,2.0,1.0,0.5517241379310345,0
2021,14,monza,Italy,5.0,5.5,5.0,5.333333333333333,7.0,2.0,1.0,0.7285714285714285,0
2021,15,sochi,Russia,2.0,10.5,4.0,5.666666666666667,6.333333333333333,2.0,1.0,0.7142857142857143,1
2021,16,istanbul,Turkey,3.0,11.0,3.0,4.0,4.0,2.0,1.0,0.625,0
2021,17,americas,USA,4.0,4.5,4.0,3.6666666666666665,3.3333333333333335,1.0,0.0,0.5,0
2021,18,rodriguez,Mexico,6.0,7.0,4.0,3.6666666666666665,3.0,1.0,0.0,0.3684210526315789,0
2021,19,interlagos,Brazil,3.0,4.5,5.0,4.333333333333333,4.333333333333333,1.0,0.0,0.5945945945945946,0
2021,20,losail,Qatar,5.0,9.0,5.0,4.666666666666667,4.333333333333333,1.0,0.0,,0
2021,21,jeddah,Saudi Arabia,4.0,9.5,7.0,5.666666666666667,4.666666666666667,0.0,0.0,,0
2021,22,yas_marina,UAE,5.0,6.0,7.0,6.333333333333333,4.0,0.0,0.0,0.5833333333333334,1
2022,1,bahrain,Bahrain,1.0,2.0,,,,,,0.5555555555555556,1
2022,2,jeddah,Saudi Arabia,2.0,2.5,1.0,1.0,1.0,1.0,0.0,0.0,1
2022,3,albert_park,Australia,1.0,5.0,2.0,1.5,1.5,2.0,0.0,0.625,1
2022,4,imola,Italy,2.0,3.0,1.0,1.3333333333333333,1.3333333333333333,3.0,1.0,0.5862068965517241,0
2022,5,miami,USA,1.0,1.5,6.0,3.0,1.6666666666666667,3.0,2.0,,1
2022,6,catalunya,Spain,1.0,2.0,2.0,3.0,1.3333333333333333,4.0,2.0,0.6451612903225806,0
2022,7,monaco,Monaco,1.0,1.5,4.0,4.0,1.3333333333333333,3.0,3.0,0.6818181818181818,1
2022,8,baku,Azerbaijan,1.0,2.5,2.0,2.6666666666666665,1.0,3.0,3.0,0.6,0
2022,9,villeneuve,Canada,3.0,11.0,19.0,8.333333333333334,1.0,2.0,4.0,0.6,1
2022,10,silverstone,UK,1.0,2.0,2.0,7.666666666666667,1.6666666666666667,3.0,3.0,0.6363636363636364,1
2022,11,red_bull_ring,Austria,2.0,2.5,1.0,7.333333333333333,1.6666666666666667,3.0,3.0,0.5588235294117647,1
2022,12,ricard,France,1.0,10.0,1.0,1.3333333333333333,2.0,4.0,3.0,0.4117647058823529,0
2022,13,hungaroring,Hungary,2.0,2.5,5.0,2.3333333333333335,1.3333333333333333,3.0,4.0,0.5833333333333334,0
2022,14,spa,Belgium,1.0,8.0,4.0,3.3333333333333335,1.6666666666666667,3.0,2.0,0.5370370370370371,1
2022,15,zandvoort,Netherlands,2.0,2.5,3.0,4.0,1.3333333333333333,3.0,2.0,0.5333333333333333,1
2022,16,monza,Italy,1.0,9.5,3.0,3.3333333333333335,1.6666666666666667,3.0,2.0,0.7183098591549296,1
2022,17,marina_bay,Singapore,1.0,2.5,2.0,2.6666666666666665,1.3333333333333333,3.0,1.0,0.5,1
2022,18,suzuka,Japan,2.0,2.5,2.0,2.3333333333333335,1.3333333333333333,4.0,0.0,0.5483870967741935,1
2022,19,americas,USA,1.0,6.5,3.0,2.3333333333333335,1.3333333333333333,5.0,1.0,0.4444444444444444,1
2022,20,rodriguez,Mexico,5.0,6.0,3.0,2.6666666666666665,1.3333333333333333,5.0,2.0,0.35,0
2022,21,interlagos,Brazil,5.0,6.0,5.0,3.6666666666666665,2.6666666666666665,4.0,2.0,0.5789473684210527,1
2022,22,yas_marina,UAE,3.0,3.5,3.0,3.6666666666666665,3.6666666666666665,4.0,2.0,0.6153846153846154,1
2023,1,bahrain,Bahrain,3.0,3.5,,,,,,0.5789473684210527,0
2023,2,jeddah,Saudi Arabia,4.0,8.0,4.0,4.0,3.0,0.0,1.0,0.5,0
2023,3,albert_park,Australia,5.0,6.0,6.0,5.0,3.5,0.0,1.0,0.64,0
2023,4,baku,Azerbaijan,1.0,2.5,12.0,7.333333333333333,4.0,0.0,2.0,0.5,1
2023,5,miami,USA,3.0,5.0,3.0,7.0,3.3333333333333335,1.0,2.0,1.0,0
2023,6,monaco,Monaco,4.0,5.0,5.0,6.666666666666667,3.0,1.0,2.0,0.6865671641791045,0
2023,7,catalunya,Spain,2.0,10.5,6.0,4.666666666666667,2.6666666666666665,1.0,1.0,0.625,0
2023,8,villeneuve,Canada,10.0,10.5,5.0,5.333333333333333,3.0,1.0,1.0,0.6097560975609756,0
2023,9,red_bull_ring,Austria,2.0,2.5,4.0,5.0,5.333333333333333,1.0,0.0,0.5714285714285714,1
2023,10,silverstone,UK,4.0,4.5,2.0,3.6666666666666665,4.666666666666667,1.0,0.0,0.6428571428571429,0
2023,11,hungaroring,Hungary,6.0,8.5,9.0,5.0,5.333333333333333,1.0,0.0,0.5675675675675675,0
2023,12,spa,Belgium,1.0,2.5,7.0,6.0,4.0,1.0,0.0,0.5454545454545454,1
2023,13,zandvoort,Netherlands,6.0,7.5,3.0,6.333333333333333,3.6666666666666665,2.0,1.0,0.5483870967741935,0
2023,14,monza,Italy,1.0,2.0,5.0,5.0,4.333333333333333,2.0,2.0,0.7222222222222222,1
2023,15,marina_bay,Singapore,1.0,2.0,3.0,3.6666666666666665,2.6666666666666665,2.0,2.0,0.5384615384615384,1
2023,16,suzuka,Japan,4.0,5.0,1.0,3.0,2.6666666666666665,3.0,2.0,0.5625,0
2023,17,losail,Qatar,5.0,8.5,4.0,2.6666666666666665,2.0,3.0,2.0,0.0,0
2023,18,americas,USA,1.0,2.5,5.0,3.3333333333333335,3.3333333333333335,2.0,2.0,0.5,1
2023,19,rodriguez,Mexico,1.0,1.5,3.0,4.0,3.3333333333333335,3.0,2.0,0.3333333333333333,1
2023,20,interlagos,Brazil,2.0,4.5,3.0,3.6666666666666665,2.3333333333333335,3.0,2.0,0.5897435897435898,0
2023,21,vegas,USA,1.0,6.5,6.0,4.0,1.3333333333333333,2.0,3.0,,1
2023,22,yas_marina,UAE,2.0,9.0,2.0,3.6666666666666665,1.3333333333333333,3.0,3.0,0.6428571428571429,1
2024,1,bahrain,Bahrain,2.0,3.0,,,,,,0.55,1
2024,2,jeddah,Saudi Arabia,2.0,6.5,3.0,3.0,2.0,1.0,0.0,0.3333333333333333,1
2024,3,albert_park,Australia,2.0,3.0,3.0,3.0,2.0,2.0,0.0,0.6153846153846154,1
2024,4,suzuka,Japan,4.0,6.0,1.0,2.3333333333333335,2.0,3.0,0.0,0.5454545454545454,1
2024,5,shanghai,China,6.0,6.5,3.0,2.3333333333333335,2.6666666666666665,4.0,0.0,0.6875,0
2024,6,miami,USA,2.0,2.5,4.0,2.6666666666666665,4.0,4.0,0.0,0.5,1
2024,7,imola,Italy,3.0,3.5,3.0,3.3333333333333335,4.0,4.0,0.0,0.5666666666666667,1
2024,8,monaco,Monaco,1.0,2.0,3.0,3.3333333333333335,3.6666666666666665,4.0,0.0,0.6764705882352942,1
2024,9,villeneuve,Canada,11.0,11.5,1.0,2.3333333333333335,2.0,4.0,0.0,0.5952380952380952,0
2024,10,catalunya,Spain,5.0,5.5,16.0,6.666666666666667,5.0,3.0,2.0,0.6060606060606061,0
2024,11,red_bull_ring,Austria,4.0,5.0,5.0,7.333333333333333,5.666666666666667,3.0,2.0,0.5833333333333334,1
2024,12,silverstone,UK,7.0,9.0,3.0,8.0,6.666666666666667,3.0,2.0,0.631578947368421,0
2024,13,hungaroring,Hungary,4.0,5.0,5.0,4.333333333333333,5.333333333333333,2.0,3.0,0.5526315789473685,0
2024,14,spa,Belgium,1.0,4.0,4.0,4.0,5.0,1.0,3.0,0.5535714285714286,1
2024,15,zandvoort,Netherlands,6.0,8.0,3.0,4.0,4.0,2.0,1.0,0.53125,1
2024,16,monza,Italy,4.0,4.5,3.0,3.3333333333333335,3.6666666666666665,3.0,1.0,0.726027397260274,1
2024,17,baku,Azerbaijan,1.0,2.0,1.0,2.3333333333333335,3.6666666666666665,3.0,1.0,0.5714285714285714,1
2024,18,marina_bay,Singapore,9.0,9.5,2.0,2.0,3.6666666666666665,4.0,1.0,0.5714285714285714,0
2024,19,americas,USA,3.0,3.5,5.0,2.6666666666666665,4.666666666666667,4.0,1.0,0.5454545454545454,1
2024,20,rodriguez,Mexico,1.0,2.5,1.0,2.6666666666666665,4.333333333333333,4.0,1.0,0.36363636363636365,1
2024,21,interlagos,Brazil,6.0,13.0,1.0,2.3333333333333335,4.333333333333333,4.0,1.0,0.575,0
2024,22,vegas,USA,2.0,3.0,5.0,2.3333333333333335,3.3333333333333335,3.0,2.0,1.0,1
2024,23,losail,Qatar,5.0,6.0,3.0,3.0,3.0,3.0,1.0,0.0,1
2024,24,yas_marina,UAE,3.0,11.0,2.0,3.3333333333333335,4.333333333333333,4.0,1.0,0.6666666666666666,1
2025,1,albert_park,Australia,7.0,7.5,,,,,,0.6296296296296297,0
2025,2,shanghai,China,5.0,5.5,8.0,8.0,7.0,0.0,0.0,0.6470588235294118,0
2025,3,suzuka,Japan,4.0,6.0,18.0,13.0,6.0,0.0,2.0,0.5588235294117647,0
2025,4,bahrain,Bahrain,2.0,5.5,4.0,10.0,5.333333333333333,0.0,2.0,0.5714285714285714,0
2025,5,jeddah,Saudi Arabia,4.0,5.5,4.0,8.666666666666666,3.6666666666666665,0.0,2.0,0.5,1
2025,6,miami,USA,8.0,10.0,3.0,3.6666666666666665,3.3333333333333335,1.0,2.0,0.6666666666666666,0
2025,7,imola,Italy,11.0,11.5,7.0,4.666666666666667,4.666666666666667,1.0,2.0,0.5806451612903226,0
2025,8,monaco,Monaco,2.0,4.5,4.0,4.666666666666667,7.666666666666667,1.0,0.0,0.6811594202898551,1
2025,9,catalunya,Spain,5.0,6.0,2.0,4.333333333333333,7.0,2.0,0.0,0.5882352941176471,1
2025,10,villeneuve,Canada,5.0,6.5,3.0,3.0,6.0,3.0,0.0,0.5813953488372093,0
2025,11,red_bull_ring,Austria,2.0,3.0,5.0,3.3333333333333335,4.0,2.0,0.0,0.5945945945945946,1
2025,12,silverstone,UK,5.0,5.5,3.0,3.6666666666666665,4.0,3.0,0.0,0.6206896551724138,0
2025,13,spa,Belgium,3.0,10.5,4.0,4.0,4.0,3.0,0.0,0.5614035087719298,1
2025,14,hungaroring,Hungary,1.0,6.5,3.0,3.3333333333333335,3.3333333333333335,3.0,0.0,0.5384615384615384,0
2025,15,zandvoort,Netherlands,6.0,6.5,4.0,3.6666666666666665,3.0,2.0,1.0,0.5454545454545454,0
2025,16,monza,Italy,4.0,7.0,19.0,8.666666666666666,3.3333333333333335,2.0,3.0,0.7297297297297297,0
2025,17,baku,Azerbaijan,10.0,11.0,4.0,9.0,3.6666666666666665,1.0,3.0,0.625,0
2025,18,marina_bay,Singapore,6.0,6.5,8.0,10.333333333333334,6.666666666666667,1.0,3.0,0.5333333333333333,0
2025,19,americas,USA,3.0,4.0,6.0,6.0,6.666666666666667,0.0,3.0,0.5833333333333334,1
2025,20,rodriguez,Mexico,2.0,2.5,3.0,5.666666666666667,6.333333333333333,1.0,2.0,0.391304347826087,1
2025,21,interlagos,Brazil,3.0,8.0,2.0,3.6666666666666665,3.6666666666666665,2.0,0.0,0.5609756097560976,0
2025,22,vegas,USA,9.0,14.0,18.0,7.666666666666667,2.6666666666666665,2.0,2.0,1.0,0
2025,23,losail,Qatar,10.0,13.5,4.0,8.0,4.666666666666667,2.0,2.0,0.3333333333333333,0
2025,24,yas_marina,UAE,5.0,10.5,8.0,10.0,7.333333333333333,2.0,2.0,0.6875,0
